PartNo,Status,ClassAndTier,Department,BargainingUnit,Classification,Gender,BenefitService,EligibilityService,DateOfBirth,Salary,EEContribBal,EEContribRate,PartTimePercentage,SecondGender,SecondDateOfBirth,AnnOpt,SSAOpt,YrsCertain,DropPct,CAPopupPct,AnnPmtPct,SSAAmount,SSADropYear,OriginalBenefit,CurrentBenefit,SimpleDBOpt,StatusDate,Weight
1,Active,Misc.Tier1.Classic.2@55,,VCEA.2,Misc,M,6.66,7.59,02/24/1966,88622.16,0,0,1,,,,,,,,,,,,,,,1
2,Active,Misc.Tier1.Classic.2@55,,EL39.3,Misc,F,7.12,7.15,03/06/1964,59382.48,0,0,1,,,,,,,,,,,,,,,1
3,Active,Misc.Tier1.Classic.2@55,,VCEA.2,Misc,F,7.16,7.2,06/18/1974,52389.36,0,0,1,,,,,,,,,,,,,,,1
4,Active,Misc.Tier1.Classic.2@55,,VPOA.1,Misc,F,12.04,12.05,05/12/1971,76124.04,0,0,1,,,,,,,,,,,,,,,1
5,Active,Misc.Tier1.Classic.2@55,,VMO.1,Misc,F,10.21,13,08/09/1979,89408.4,0,0,1,,,,,,,,,,,,,,,1
6,Active,Misc.Tier1.PEPRA,,VCEA.2,Misc,M,4.16,4.191,02/02/1966,86962.08,0,0,1,,,,,,,,,,,,,,,1
7,Active,Fire.Classic.30@50,,VFA.2,Fire,M,17.33,17.4,03/08/1972,104526.12,0,0,1,,,,,,,,,,,,,,,1
8,Active,Misc.Tier1.PEPRA,,VCEA.2,Misc,F,1.94,2,09/25/1966,51096.96,0,0,1,,,,,,,,,,,,,,,1
9,Active,Police.Classic.30@50,,VPMA.1,Police,M,16.58,18.573,08/15/1976,156899.04,0,0,1,,,,,,,,,,,,,,,1
10,Active,Misc.Tier1.PEPRA,,VMO.2,Misc,M,0.58,0.6,05/15/1985,103738.68,0,0,1,,,,,,,,,,,,,,,1
11,Active,Misc.Tier1.Classic.2@55,,EL39.3,Misc,M,15.21,15.25,11/23/1970,62550.36,0,0,1,,,,,,,,,,,,,,,1
12,Active,Misc.Tier1.PEPRA,,EL39.3,Misc,M,0.33,3.905,06/15/1982,80823.96,0,0,1,,,,,,,,,,,,,,,1
13,Active,Police.PEPRA.2@57,,VPOA.2,Police,M,0.12,0.05,06/21/1985,81451.32,0,0,1,,,,,,,,,,,,,,,1
14,Active,Police.Classic.30@50,,VPOA.1,Police,F,9.99,10,12/02/1981,98946.12,0,0,1,,,,,,,,,,,,,,,1
15,Active,Misc.Tier1.Classic.2@55,,VMO.2,Misc,F,4.51,6.806,06/12/1983,91057.32,0,0,1,,,,,,,,,,,,,,,1
16,Active,Misc.Tier1.Classic.2@55,,VCEA.1,Misc,F,25.61,25.739,12/06/1956,65312.64,0,0,1,,,,,,,,,,,,,,,1
17,Active,Misc.Tier1.Classic.2@55,,EL39.3,Misc,M,17.2,17.25,03/13/1958,60192.6,0,0,1,,,,,,,,,,,,,,,1
18,Active,Misc.Tier1.Classic.2@55,,VMO.1,Misc,F,19.49,19.596,04/11/1968,133032,0,0,1,,,,,,,,,,,,,,,1
19,Active,Misc.Tier1.Classic.2@55,,AMG.1,Misc,F,12.1,11.638,08/22/1978,129461.88,0,0,1,,,,,,,,,,,,,,,1
20,Active,Misc.Tier1.Classic.2@55,,EL39.3,Misc,M,10.12,11.667,11/04/1970,80823.96,0,0,1,,,,,,,,,,,,,,,1
21,Active,Misc.Tier1.Classic.2@55,,EL39.3,Misc,M,4.99,5,07/16/1974,86880.36,0,0,1,,,,,,,,,,,,,,,1
22,Active,Misc.Tier1.PEPRA,,EL39.3,Misc,M,2.75,2.824,11/06/1961,76975.68,0,0,1,,,,,,,,,,,,,,,1
23,Active,Misc.Tier1.Classic.2@55,,VMO.2,Misc,M,16.12,35.111,02/14/1955,133032,0,0,1,,,,,,,,,,,,,,,1
24,Active,Misc.Tier1.Classic.2@55,,VCEA.1,Misc,M,12.29,12.35,08/04/1957,92800.32,0,0,1,,,,,,,,,,,,,,,1
25,Active,Misc.Tier1.Classic.2@55,,EL39.3,Misc,M,10.37,10.449,05/21/1961,68009.28,0,0,1,,,,,,,,,,,,,,,1
26,Active,Fire.PEPRA.2@57,,VFA.2,Fire,M,1.79,1.947,10/30/1987,85993.2,0,0,1,,,,,,,,,,,,,,,1
27,Active,Misc.Tier1.Classic.2@55,,VMO.1,Misc,F,18.41,24.4,07/24/1962,104799.12,0,0,1,,,,,,,,,,,,,,,1
28,Active,Fire.Classic.30@50,,VFA.1,Fire,M,15.91,16.423,07/06/1978,125251.92,0,0,1,,,,,,,,,,,,,,,1
29,Active,Misc.Tier1.Classic.2@55,,EL39.3,Misc,M,5.51,8.754,09/27/1974,86880.36,0,0,1,,,,,,,,,,,,,,,1
30,Active,Misc.Tier1.Classic.2@55,,EL39.3,Misc,M,22.08,22.074,07/18/1958,74899.32,0,0,1,,,,,,,,,,,,,,,1
31,Active,Misc.Tier1.Classic.2@55,,VCEA.2,Misc,M,5.66,7,07/15/1986,75212.04,0,0,1,,,,,,,,,,,,,,,1
32,Active,Misc.Tier1.Classic.2@55,,EL39.3,Misc,M,10.41,10.499,03/01/1977,64770.84,0,0,1,,,,,,,,,,,,,,,1
33,Active,Misc.Tier1.Classic.2@55,,AMG.1,Misc,F,12.41,12.5,05/16/1961,70117.56,0,0,1,,,,,,,,,,,,,,,1
34,Active,Misc.Tier1.PEPRA,,DH.2,Misc,M,3.21,3.178,05/08/1965,188026.08,0,0,1,,,,,,,,,,,,,,,1
35,Active,Fire.Classic.30@50,,VFA.2,Fire,M,16.62,17.976,12/29/1976,99548.4,0,0,1,,,,,,,,,,,,,,,1
36,Active,Fire.Classic.30@50,,VFA.2,Fire,M,17.29,19.493,04/27/1972,104526.12,0,0,1,,,,,,,,,,,,,,,1
37,Active,Misc.Tier1.PEPRA,,VCEA.2,Misc,F,2,2,11/05/1991,45250.92,0,0,1,,,,,,,,,,,,,,,1
38,Active,Police.PEPRA.2@57,,VPOA.2,Police,M,0.33,0.3,07/30/1988,85511.52,0,0,1,,,,,,,,,,,,,,,1
39,Active,Fire.Classic.30@50,,VFA.2,Fire,M,18.58,22.498,01/14/1970,125251.92,0,0,1,,,,,,,,,,,,,,,1
40,Active,Misc.Tier1.Classic.2@55,,VCEA.1,Misc,M,18.21,19.971,01/21/1974,63335.52,0,0,1,,,,,,,,,,,,,,,1
41,Active,Police.Classic.2@50,,VPOA.2,Police,M,0.33,9,12/05/1981,89772.84,0,0,1,,,,,,,,,,,,,,,1
42,Active,Misc.Tier1.Classic.2@55,,EL39.3,Misc,M,9.79,12.462,02/26/1981,66362.04,0,0,1,,,,,,,,,,,,,,,1
43,Active,Misc.Tier1.PEPRA,,VCEA.2,Misc,F,0.87,1.79,11/12/1981,49782.6,0,0,1,,,,,,,,,,,,,,,1
44,Active,Misc.Tier1.PEPRA,,VMO.2,Misc,M,3.25,3.3,12/31/1987,94304.28,0,0,1,,,,,,,,,,,,,,,1
45,Active,Fire.Classic.30@50,,VFA.2,Fire,M,16.62,16.75,07/15/1975,111992.16,0,0,1,,,,,,,,,,,,,,,1
46,Active,Misc.Tier1.Classic.2@55,,VCEA.1,Misc,F,21.71,21.85,07/17/1967,65312.64,0,0,1,,,,,,,,,,,,,,,1
47,Active,Misc.Tier1.Classic.2@55,,EL39.3,Misc,M,3.37,12.471,07/27/1970,80823.96,0,0,1,,,,,,,,,,,,,,,1
48,Active,Misc.Tier1.Classic.2@55,,VCEA.1,Misc,F,9.48,9.764,05/31/1982,50727.24,0,0,1,,,,,,,,,,,,,,,1
49,Active,Misc.Tier1.Classic.2@55,,VMO.1,Misc,M,22,22.583,06/02/1968,129468.24,0,0,1,,,,,,,,,,,,,,,1
50,Active,Police.Classic.30@50,,CC.1,Not Eligible,M,6.54,0,04/22/1967,9948,0,0,1,,,,,,,,,,,,,,,0
51,Active,Misc.Tier1.Classic.2@55,,VCEA.2,Misc,F,21.46,21.46,09/09/1963,70510.8,0,0,1,,,,,,,,,,,,,,,1
52,Active,Fire.Classic.30@50,,VFA.1,Fire,M,10.46,10.55,10/16/1978,111992.16,0,0,1,,,,,,,,,,,,,,,1
53,Active,Misc.Tier1.PEPRA,,VMO.2,Misc,F,0.04,0,08/12/1986,76568.76,0,0,1,,,,,,,,,,,,,,,1
54,Active,Misc.Tier1.Classic.2@55,,VMO.1,Misc,M,14.98,26.3,09/04/1965,133032,0,0,1,,,,,,,,,,,,,,,1
55,Active,Fire.Classic.30@50,,VFA.1,Fire,M,10.46,10.55,06/19/1976,111992.16,0,0,1,,,,,,,,,,,,,,,1
56,Active,Misc.Tier1.Classic.2@55,,VCEA.2,Misc,F,3.46,12.05,02/08/1978,67366.44,0,0,1,,,,,,,,,,,,,,,1
57,Active,Misc.Tier1.Classic.2@55,,EL39.3,Misc,M,17.85,18,05/27/1959,80823.96,0,0,1,,,,,,,,,,,,,,,1
58,Active,Misc.Tier1.Classic.2@55,,EL39.3,Misc,M,26.21,26.25,03/23/1949,82749.36,0,0,1,,,,,,,,,,,,,,,1
59,Active,Police.Classic.30@50,,VPOA.1,Police,M,12.75,12.895,07/09/1977,98946.12,0,0,1,,,,,,,,,,,,,,,1
60,Active,Misc.Tier1.Classic.2@55,,VCEA.1,Misc,F,21.25,22.219,08/14/1975,58740.72,0,0,1,,,,,,,,,,,,,,,1
61,Active,Police.Classic.30@50,,VPMA.1,Police,M,11.58,22.852,06/06/1972,132154.92,0,0,1,,,,,,,,,,,,,,,1
62,Active,Misc.Tier1.PEPRA,,VMO.2,Misc,F,0.71,0.741,02/15/1987,64175.04,0,0,1,,,,,,,,,,,,,,,1
63,Active,Misc.Tier1.PEPRA,,EL39.3,Misc,M,1.83,1.919,07/31/1985,54596.16,0,0,1,,,,,,,,,,,,,,,1
64,Active,Misc.Tier1.Classic.2@55,,AMG.1,Misc,F,10.79,18.965,11/11/1972,112651.8,0,0,1,,,,,,,,,,,,,,,1
65,Active,Misc.Tier1.Classic.2@55,,VMO.2,Misc,M,26.08,26.1,10/25/1956,118081.56,0,0,1,,,,,,,,,,,,,,,1
66,Active,Misc.Tier1.Classic.2@55,,EL39.3,Misc,M,1.91,2,12/02/1979,76973.4,0,0,1,,,,,,,,,,,,,,,1
67,Active,Fire.Classic.30@50,,VFA.2,Fire,M,14.58,14.7,07/11/1977,125251.92,0,0,1,,,,,,,,,,,,,,,1
68,Active,Misc.Tier1.PEPRA,,EL39.3,Misc,F,3.41,3.488,07/29/1979,57326.16,0,0,1,,,,,,,,,,,,,,,1
69,Active,Misc.Tier1.Classic.2@55,,EL39.3,Misc,M,9.08,18.686,05/01/1969,82749.36,0,0,1,,,,,,,,,,,,,,,1
70,Active,Misc.Tier1.Classic.2@55,,VMO.1,Misc,F,14.16,14.2,01/17/1979,97312.68,0,0,1,,,,,,,,,,,,,,,1
71,Active,Police.Classic.2@50,,VPOA.2,Police,M,3.12,10.07,07/04/1980,98946.12,0,0,1,,,,,,,,,,,,,,,1
72,Active,Misc.Tier1.PEPRA,,VCEA.2,Misc,F,0.66,0.7,05/07/1975,47900.76,0,0,1,,,,,,,,,,,,,,,1
73,Active,Police.PEPRA.2@57,,VPOA.2,Police,M,0.75,0.8,10/02/1989,85511.52,0,0,1,,,,,,,,,,,,,,,1
74,Active,Misc.Tier1.PEPRA,,AMG.2,Misc,F,3.96,4,05/10/1990,55800.72,0,0,1,,,,,,,,,,,,,,,1
75,Active,Police.Classic.30@50,,VPOA.1,Police,M,16.58,18,09/15/1975,98946.12,0,0,1,,,,,,,,,,,,,,,1
76,Active,Misc.Tier1.PEPRA,,AMG.2,Misc,F,1.5,1.6,01/06/1972,71339.16,0,0,1,,,,,,,,,,,,,,,1
77,Active,Fire.PEPRA.2@57,,VFA.2,Fire,M,1.79,1.95,01/11/1989,96742.56,0,0,1,,,,,,,,,,,,,,,1
78,Active,Misc.Tier1.Classic.2@55,,EL39.3,Misc,M,6.2,6.248,11/02/1988,77151.6,0,0,1,,,,,,,,,,,,,,,1
79,Active,Police.Classic.2@50,,VPOA.2,Police,M,3.75,3.9,01/19/1984,98946.12,0,0,1,,,,,,,,,,,,,,,1
80,Active,Fire.Classic.30@50,,FMG.2,Fire,M,17.33,17.814,12/05/1973,150584.16,0,0,1,,,,,,,,,,,,,,,1
81,Active,Misc.Tier1.Classic.2@55,,AMG.1,Misc,F,19.12,19.15,09/13/1955,70117.56,0,0,1,,,,,,,,,,,,,,,1
82,Active,Misc.Tier1.Classic.2@55,,VMO.1,Misc,F,15.66,15.8,11/08/1973,97312.68,0,0,1,,,,,,,,,,,,,,,1
83,Active,Fire.Classic.30@50,,VFA.1,Fire,M,15.91,17.032,07/07/1977,117591.84,0,0,1,,,,,,,,,,,,,,,1
84,Active,Misc.Tier1.PEPRA,,VCEA.2,Misc,F,2.29,2.35,09/06/1977,45256.56,0,0,1,,,,,,,,,,,,,,,1
85,Active,Police.PEPRA.2@57,,VPOA.2,Police,M,1.66,4.476,03/08/1981,89772.84,0,0,1,,,,,,,,,,,,,,,1
86,Active,Misc.Tier1.Classic.2@55,,EL39.3,Misc,M,25.09,25.12,11/16/1953,74899.32,0,0,1,,,,,,,,,,,,,,,1
87,Active,Misc.Tier1.Classic.2@55,,VMO.1,Misc,M,15.21,16.128,07/08/1969,120070.56,0,0,1,,,,,,,,,,,,,,,1
88,Active,Fire.Classic.30@50,,VFA.2,Fire,M,24.96,25,08/16/1963,125251.92,0,0,1,,,,,,,,,,,,,,,1
89,Active,Fire.Classic.30@50,,VFA.2,Fire,M,21.53,21.65,09/16/1970,117591.84,0,0,1,,,,,,,,,,,,,,,1
90,Active,Misc.Tier1.PEPRA,,EL39.3,Misc,M,2.5,2.547,04/05/1983,53287.2,0,0,1,,,,,,,,,,,,,,,1
91,Active,Fire.PEPRA.2@57,,VFA.2,Fire,M,1.79,3.785,07/10/1989,96742.56,0,0,1,,,,,,,,,,,,,,,1
92,Active,Fire.PEPRA.2@57,,VFA.2,Fire,M,1.73,2.596,12/01/1987,96742.56,0,0,1,,,,,,,,,,,,,,,1
93,Active,Misc.Tier1.Classic.2@55,,EL39.3,Misc,M,16.95,17,03/08/1970,74899.32,0,0,1,,,,,,,,,,,,,,,1
94,Active,Misc.Tier1.Classic.2@55,,VCEA.2,Misc,F,4.61,4.704,10/05/1989,55800.48,0,0,1,,,,,,,,,,,,,,,1
95,Active,Misc.Tier1.Classic.2@55,,EL39.3,Misc,M,1.48,10.103,09/06/1959,80823.96,0,0,1,,,,,,,,,,,,,,,1
96,Active,Misc.Tier1.Classic.2@55,,VMO.1,Misc,M,26.13,26.168,11/06/1952,174604.56,0,0,1,,,,,,,,,,,,,,,1
97,Active,Police.Classic.30@50,,VPOA.2,Police,M,20.58,26.425,07/24/1969,98946.12,0,0,1,,,,,,,,,,,,,,,1
98,Active,Misc.Tier1.Classic.2@55,,VMO.1,Misc,M,27,27,06/27/1969,107705.16,0,0,1,,,,,,,,,,,,,,,1
99,Active,Misc.Tier1.Classic.2@55,,VCEA.1,Misc,F,16.49,16.238,05/21/1979,65312.64,0,0,1,,,,,,,,,,,,,,,1
100,Active,Misc.Tier1.PEPRA,,VCEA.2,Misc,F,2,2,05/27/1990,61845.72,0,0,1,,,,,,,,,,,,,,,1
101,Active,Misc.Tier1.PEPRA,,EL39.3,Misc,F,1.46,1.505,06/22/1981,76975.68,0,0,1,,,,,,,,,,,,,,,1
102,Active,Misc.Tier1.Classic.2@55,,EL39.3,Misc,M,14.62,14.75,11/20/1966,77151.6,0,0,1,,,,,,,,,,,,,,,1
103,Active,Fire.PEPRA.2@57,,VFA.2,Fire,M,1.79,1.95,08/21/1989,87068.28,0,0,1,,,,,,,,,,,,,,,1
104,Active,Fire.Classic.30@50,,VFA.1,Fire,M,15.91,19.063,09/12/1975,104526.12,0,0,1,,,,,,,,,,,,,,,1
105,Active,Fire.PEPRA.2@57,,FMG.2,Fire,M,0.71,2.646,09/28/1960,157469.52,0,0,1,,,,,,,,,,,,,,,1
106,Active,Fire.Classic.30@50,,VFA.2,Fire,M,15.91,17.707,01/17/1974,117591.84,0,0,1,,,,,,,,,,,,,,,1
107,Active,Police.Classic.2@50,,VPOA.2,Police,F,1.79,9.512,03/28/1984,98946.12,0,0,1,,,,,,,,,,,,,,,1
108,Active,Misc.Tier1.Classic.2@55,,VCEA.1,Misc,F,11.08,11.1,10/27/1958,53263.92,0,0,1,,,,,,,,,,,,,,,1
109,Active,Misc.Tier1.Classic.2@55,,VMO.2,Misc,M,23.37,23.45,08/12/1966,111948,0,0,1,,,,,,,,,,,,,,,1
110,Active,Misc.Tier1.PEPRA,,VCEA.2,Misc,F,1.16,1.2,05/21/1984,45256.56,0,0,1,,,,,,,,,,,,,,,1
111,Active,Police.Classic.30@50,,VPOA.1,Police,F,22.7,22.85,06/12/1966,98946.12,0,0,1,,,,,,,,,,,,,,,1
112,Active,Misc.Tier1.Classic.2@55,,VPOA.2,Misc,F,1.96,14.573,03/28/1974,69046.44,0,0,1,,,,,,,,,,,,,,,1
113,Active,Fire.Classic.30@50,,VFA.2,Fire,M,17.33,17.151,11/10/1972,125251.92,0,0,1,,,,,,,,,,,,,,,1
114,Active,Police.Classic.2@50,,VPOA.2,Police,M,4.79,20,05/08/1971,98946.12,0,0,1,,,,,,,,,,,,,,,1
115,Active,Misc.Tier1.Classic.2@55,,EL39.3,Misc,M,17.2,17.25,02/13/1959,71409.72,0,0,1,,,,,,,,,,,,,,,1
116,Active,Misc.Tier1.Classic.2@55,,EL39.3,Misc,M,21.25,21.3,08/15/1952,75184.56,0,0,1,,,,,,,,,,,,,,,1
117,Active,Misc.Tier1.Classic.2@55,,VMO.1,Misc,F,10.76,13.253,01/12/1978,116479.08,0,0,1,,,,,,,,,,,,,,,1
118,Active,Misc.Tier1.Classic.2@55,,AMG.1,Misc,F,17.83,20.692,02/15/1959,148310.16,0,0,1,,,,,,,,,,,,,,,1
119,Active,Fire.Classic.30@50,,VFA.1,Fire,M,14.58,14.7,06/29/1981,125251.92,0,0,1,,,,,,,,,,,,,,,1
120,Active,Misc.Tier1.Classic.2@55,,VCEA.1,Misc,M,10.46,10.537,06/21/1982,65312.64,0,0,1,,,,,,,,,,,,,,,1
121,Active,Misc.Tier1.PEPRA,,VCEA.2,Misc,M,1.66,1.8,03/11/1991,57447.12,0,0,1,,,,,,,,,,,,,,,1
122,Active,Misc.Tier1.PEPRA,,EL39.3,Misc,M,2.54,3.302,08/04/1972,82743.6,0,0,1,,,,,,,,,,,,,,,1
123,Active,Misc.Tier1.Classic.2@55,,VCEA.1,Misc,F,10.71,10.848,01/03/1953,58590.72,0,0,1,,,,,,,,,,,,,,,1
124,Active,Police.Classic.30@50,,VPMA.2,Police,M,17.46,19.87,10/26/1974,181633.44,0,0,1,,,,,,,,,,,,,,,1
125,Active,Misc.Tier1.PEPRA,,AMG.2,Misc,M,0.82,3,06/25/1979,98400,0,0,1,,,,,,,,,,,,,,,1
126,Active,Misc.Tier1.Classic.2@55,,EL39.3,Misc,M,10.16,10.199,05/17/1970,74899.32,0,0,1,,,,,,,,,,,,,,,1
127,Active,Police.Classic.30@50,,VPMA.1,Police,M,19.41,28.806,01/20/1969,132154.92,0,0,1,,,,,,,,,,,,,,,1
128,Active,Misc.Tier1.Classic.2@55,,EL39.3,Misc,M,11.91,23,04/09/1960,80823.96,0,0,1,,,,,,,,,,,,,,,1
129,Active,Police.Classic.30@50,,VPOA.2,Police,M,18.58,21,07/27/1969,98946.12,0,0,1,,,,,,,,,,,,,,,1
130,Active,Fire.Classic.30@50,,VFA.1,Fire,M,10.46,10.55,03/30/1980,111992.16,0,0,1,,,,,,,,,,,,,,,1
131,Active,Police.Classic.30@50,,VPOA.1,Police,M,12.54,18.094,02/11/1974,98946.12,0,0,1,,,,,,,,,,,,,,,1
132,Active,Police.Classic.30@50,,VPOA.1,Police,M,9.66,11.605,03/18/1979,98946.12,0,0,1,,,,,,,,,,,,,,,1
133,Active,Misc.Tier1.Classic.2@55,,VMO.1,Misc,M,9.78,13.938,03/27/1961,91057.32,0,0,1,,,,,,,,,,,,,,,1
134,Active,Misc.Tier1.PEPRA,,VCEA.2,Misc,F,1.5,1.6,02/06/1979,43096.56,0,0,1,,,,,,,,,,,,,,,1
135,Active,Misc.Tier1.Classic.2@55,,VCEA.1,Misc,F,10.87,10.792,05/09/1974,52810.68,0,0,1,,,,,,,,,,,,,,,1
136,Active,Misc.Tier1.PEPRA,,VMO.2,Misc,M,3.91,4,03/05/1985,112586.16,0,0,1,,,,,,,,,,,,,,,1
137,Active,Misc.Tier1.Classic.2@55,,VCEA.1,Misc,M,17.29,17.35,12/11/1971,61127.04,0,0,1,,,,,,,,,,,,,,,1
138,Active,Misc.Tier1.Classic.2@55,,AMG.2,Misc,F,21.66,22.736,05/19/1959,131385.12,0,0,1,,,,,,,,,,,,,,,1
139,Active,Misc.Tier1.Classic.2@55,,VMO.1,Misc,F,19.16,19.2,07/31/1967,80948.76,0,0,1,,,,,,,,,,,,,,,1
140,Active,Misc.Tier1.PEPRA,,VCEA.2,Misc,M,1.25,2.098,03/25/1977,51986.04,0,0,1,,,,,,,,,,,,,,,1
141,Active,Misc.Tier1.Classic.2@55,,EL39.3,Misc,M,15.96,16,03/23/1972,64770.84,0,0,1,,,,,,,,,,,,,,,1
142,Active,Misc.Tier1.Classic.2@55,,VMO.2,Misc,F,1.62,12.788,03/02/1981,116235,0,0,1,,,,,,,,,,,,,,,1
143,Active,Fire.Classic.30@50,,DH.2,Fire,M,27.35,28,07/13/1966,224993.16,0,0,1,,,,,,,,,,,,,,,1
144,Active,Police.Classic.30@50,,VPOA.1,Police,F,8.97,9,05/23/1985,98946.12,0,0,1,,,,,,,,,,,,,,,1
145,Active,Misc.Tier1.PEPRA,,EL39.3,Misc,F,4.29,4.107,07/09/1992,63202.08,0,0,1,,,,,,,,,,,,,,,1
146,Active,Misc.Tier1.PEPRA,,VCEA.2,Misc,M,3.29,3.352,05/18/1986,58242.24,0,0,1,,,,,,,,,,,,,,,1
147,Active,Misc.Tier1.PEPRA,,VMO.2,Misc,M,2.12,2.15,08/06/1981,95637.24,0,0,1,,,,,,,,,,,,,,,1
148,Active,Misc.Tier1.Classic.2@55,,VPOA.1,Misc,F,9.08,10.994,08/28/1985,76124.04,0,0,1,,,,,,,,,,,,,,,1
149,Active,Misc.Tier1.Classic.2@55,,EL39.3,Misc,M,0.83,17.909,05/01/1969,57325.8,0,0,1,,,,,,,,,,,,,,,1
150,Active,Police.PEPRA.2@57,,VPOA.2,Police,M,3.83,4,04/08/1984,98946.12,0,0,1,,,,,,,,,,,,,,,1
151,Active,Fire.PEPRA.2@57,,VFA.2,Fire,M,3.04,3.05,01/17/1990,106659.24,0,0,1,,,,,,,,,,,,,,,1
152,Active,Fire.Classic.30@50,,VFA.1,Fire,M,14.58,17.259,03/05/1974,99548.4,0,0,1,,,,,,,,,,,,,,,1
153,Active,Misc.Tier1.Classic.2@55,,AMG.1,Misc,F,10.04,13.509,11/17/1975,75050.64,0,0,1,,,,,,,,,,,,,,,1
154,Active,Fire.Classic.30@50,,VFA.1,Fire,M,23.87,24,11/05/1972,104526.12,0,0,1,,,,,,,,,,,,,,,1
155,Active,Misc.Tier1.Classic.2@55,,EL39.3,Misc,M,22.34,26.414,09/06/1950,84866.4,0,0,1,,,,,,,,,,,,,,,1
156,Active,Misc.Tier1.Classic.2@55,,VMO.1,Misc,M,16.32,16.391,10/20/1960,102737.76,0,0,1,,,,,,,,,,,,,,,1
157,Active,Police.Classic.2@50,,VPOA.2,Police,M,2.62,12,06/18/1977,98946.12,0,0,1,,,,,,,,,,,,,,,1
158,Active,Police.Classic.30@50,,VPMA.1,Police,M,9.96,18.094,02/24/1974,132154.92,0,0,1,,,,,,,,,,,,,,,1
159,Active,Misc.Tier1.Classic.2@55,,VMO.1,Misc,M,16.03,16.05,01/25/1961,98898,0,0,1,,,,,,,,,,,,,,,1
160,Active,Misc.Tier1.Classic.2@55,,VCEA.1,Misc,F,14.96,15,12/29/1960,80113.2,0,0,1,,,,,,,,,,,,,,,1
161,Active,Misc.Tier1.Classic.2@55,,VMO.1,Misc,F,29.6,29.863,03/21/1962,70117.44,0,0,1,,,,,,,,,,,,,,,1
162,Active,Fire.Classic.30@50,,VFA.2,Fire,M,17.29,17.35,10/23/1976,125251.92,0,0,1,,,,,,,,,,,,,,,1
163,Active,Misc.Tier1.Classic.2@55,,VCEA.1,Misc,F,12,12,01/24/1969,64761.36,0,0,1,,,,,,,,,,,,,,,1
164,Active,Police.Classic.30@50,,VPMA.1,Police,M,15,15,07/31/1968,132154.92,0,0,1,,,,,,,,,,,,,,,1
165,Active,Misc.Tier1.PEPRA,,VMO.2,Misc,F,1.25,1.3,03/31/1957,88265.52,0,0,1,,,,,,,,,,,,,,,1
166,Active,Police.Classic.30@50,,VPOA.1,Police,M,16.04,16.05,12/08/1973,98946.12,0,0,1,,,,,,,,,,,,,,,1
167,Active,Fire.PEPRA.2@57,,VFA.2,Fire,M,1.79,1.95,05/08/1987,96742.56,0,0,1,,,,,,,,,,,,,,,1
168,Active,Misc.Tier1.Classic.2@55,,EL39.3,Misc,M,12.49,12.6,05/01/1983,68009.28,0,0,1,,,,,,,,,,,,,,,1
169,Active,Misc.Tier1.Classic.2@55,,EL39.3,Misc,M,12.45,12.546,03/05/1972,66362.04,0,0,1,,,,,,,,,,,,,,,1
170,Active,Police.Classic.30@50,,VPMA.2,Police,M,22.68,22.825,05/31/1967,132154.92,0,0,1,,,,,,,,,,,,,,,1
171,Active,Misc.Tier1.Classic.2@55,,EL39.3,Misc,M,9.44,9.335,09/10/1973,76973.4,0,0,1,,,,,,,,,,,,,,,1
172,Active,Misc.Tier1.PEPRA,,EL39.3,Misc,M,0.83,0.9,01/21/1988,55947.12,0,0,1,,,,,,,,,,,,,,,1
173,Active,Misc.Tier1.Classic.2@55,,VMO.1,Misc,M,20.91,16.459,07/22/1970,87330.96,0,0,1,,,,,,,,,,,,,,,1
174,Active,Misc.Tier1.Classic.2@55,,EL39.3,Misc,M,1.12,1.138,03/28/1971,64947.72,0,0,1,,,,,,,,,,,,,,,1
175,Active,Misc.Tier1.Classic.2@55,,EL39.3,Misc,M,11.33,11.4,05/07/1982,76973.4,0,0,1,,,,,,,,,,,,,,,1
176,Active,Fire.Classic.30@50,,VFA.1,Fire,M,14.58,14.7,07/23/1975,104526.12,0,0,1,,,,,,,,,,,,,,,1
177,Active,Misc.Tier1.Classic.2@55,,VCEA.1,Misc,F,10.16,10.198,09/23/1972,58590.72,0,0,1,,,,,,,,,,,,,,,1
178,Active,Misc.Tier1.PEPRA,,EL39.3,Misc,M,4.29,4.3,10/30/1990,60192.24,0,0,1,,,,,,,,,,,,,,,1
179,Active,Police.Classic.30@50,,VPOA.2,Police,M,20.58,20.7,06/02/1971,98946.12,0,0,1,,,,,,,,,,,,,,,1
180,Active,Misc.Tier1.PEPRA,,EL39.3,Misc,M,0.87,2,09/20/1973,48330.48,0,0,1,,,,,,,,,,,,,,,1
181,Active,Misc.Tier1.Classic.2@55,,EL39.3,Misc,M,25.37,26.931,01/27/1969,76973.4,0,0,1,,,,,,,,,,,,,,,1
182,Active,Fire.Classic.30@50,,VFA.2,Fire,M,17.33,17.4,02/17/1976,125251.92,0,0,1,,,,,,,,,,,,,,,1
183,Active,Misc.Tier1.PEPRA,,EL39.3,Misc,M,3.61,3.75,11/24/1970,76973.4,0,0,1,,,,,,,,,,,,,,,1
184,Active,Misc.Tier1.Classic.2@55,,VPOA.1,Misc,F,19.41,19.491,10/04/1965,76124.04,0,0,1,,,,,,,,,,,,,,,1
185,Active,Misc.Tier1.Classic.2@55,,VMO.1,Misc,F,18.03,17.807,09/17/1968,93878.76,0,0,1,,,,,,,,,,,,,,,1
186,Active,Misc.Tier1.Classic.2@55,,CC.1,Misc,F,8.56,8.7,08/08/1957,9948,0,0,1,,,,,,,,,,,,,,,1
187,Active,Misc.Tier1.Classic.2@55,,CC.1,Misc,M,8.56,8.7,07/23/1973,9948,0,0,1,,,,,,,,,,,,,,,1
188,Active,Misc.Tier1.Classic.2@55,,VCEA.1,Misc,F,9,8.467,10/13/1969,53263.92,0,0,1,,,,,,,,,,,,,,,1
189,Active,Police.Classic.30@50,,VPMA.1,Police,M,22.18,22.224,10/18/1972,156899.04,0,0,1,,,,,,,,,,,,,,,1
190,Active,Misc.Tier1.Classic.2@55,,VCEA.1,Misc,F,16.99,17,01/20/1964,72830.28,0,0,1,,,,,,,,,,,,,,,1
191,Active,Fire.Classic.30@50,,VFA.2,Fire,F,14.58,17,09/26/1974,111992.16,0,0,1,,,,,,,,,,,,,,,1
192,Active,Misc.Tier1.Classic.2@55,,VMO.2,Misc,F,18.25,18.3,11/12/1959,70117.44,0,0,1,,,,,,,,,,,,,,,1
193,Active,Misc.Tier1.Classic.2@55,,AMG.1,Misc,F,18.58,18.7,03/18/1975,112651.8,0,0,1,,,,,,,,,,,,,,,1
194,Active,Police.Classic.30@50,,VPOA.1,Police,M,21.16,21.195,04/27/1971,98946.12,0,0,1,,,,,,,,,,,,,,,1
195,Active,Misc.Tier1.Classic.2@55,,VPOA.1,Misc,F,15.54,15.465,05/17/1975,76124.04,0,0,1,,,,,,,,,,,,,,,1
196,Active,Misc.Tier1.Classic.2@55,,VCEA.1,Misc,F,13.04,13.05,12/27/1968,71844.24,0,0,1,,,,,,,,,,,,,,,1
197,Active,Misc.Tier1.Classic.2@55,,VMO.1,Misc,M,17.16,17.2,07/27/1966,109756.68,0,0,1,,,,,,,,,,,,,,,1
198,Active,Misc.Tier1.PEPRA,,VPOA.2,Misc,F,0.62,0.664,02/26/1981,59718.48,0,0,1,,,,,,,,,,,,,,,1
199,Active,Misc.Tier1.Classic.2@55,,VCEA.1,Misc,F,10.23,10.273,10/27/1955,61986.36,0,0,1,,,,,,,,,,,,,,,1
200,Active,Misc.Tier1.Classic.2@55,,AMG.2,Misc,F,4.04,30.489,10/07/1959,77107.2,0,0,1,,,,,,,,,,,,,,,1
201,Active,Police.Classic.30@50,,VPMA.1,Police,M,21.16,23.187,11/20/1970,156899.04,0,0,1,,,,,,,,,,,,,,,1
202,Active,Misc.Tier1.Classic.2@55,,VMO.1,Misc,F,10.99,10.655,11/08/1982,80948.76,0,0,1,,,,,,,,,,,,,,,1
203,Active,Police.Classic.30@50,,VPOA.1,Police,M,10.29,10.348,10/11/1985,98946.12,0,0,1,,,,,,,,,,,,,,,1
204,Active,Misc.Tier1.PEPRA,,VCEA.2,Misc,F,2.41,2.5,02/27/1984,65164.8,0,0,1,,,,,,,,,,,,,,,1
205,Active,Misc.Tier1.Classic.2@55,,VCEA.2,Misc,F,17.96,18,04/25/1969,52389.36,0,0,1,,,,,,,,,,,,,,,1
206,Active,Misc.Tier1.Classic.2@55,,EL39.3,Misc,M,12.45,12.546,01/07/1983,64770.84,0,0,1,,,,,,,,,,,,,,,1
207,Active,Misc.Tier1.PEPRA,,VMO.2,Misc,M,1.04,3.918,07/19/1982,67383.84,0,0,1,,,,,,,,,,,,,,,1
208,Active,Misc.Tier1.Classic.2@55,,VMO.2,Misc,F,28.83,32.597,04/26/1958,97312.68,0,0,1,,,,,,,,,,,,,,,1
209,Active,Misc.Tier1.Classic.2@55,,VCEA.2,Misc,F,4.54,4.618,02/25/1971,53263.92,0,0,1,,,,,,,,,,,,,,,1
210,Active,Police.Classic.2@50,,VPOA.2,Police,M,1.04,7.056,08/23/1984,94247.4,0,0,1,,,,,,,,,,,,,,,1
211,Active,Misc.Tier1.Classic.2@55,,EL39.3,Misc,M,17.83,17.708,10/05/1958,60192.6,0,0,1,,,,,,,,,,,,,,,1
212,Active,Police.Classic.30@50,,VPOA.1,Police,M,10.49,13.35,10/10/1978,98946.12,0,0,1,,,,,,,,,,,,,,,1
213,Active,Misc.Tier1.PEPRA,,VMO.2,Misc,M,0.54,0.551,05/22/1984,76568.76,0,0,1,,,,,,,,,,,,,,,1
214,Active,Misc.Tier1.Classic.2@55,,VMO.2,Misc,F,2.08,13.103,09/25/1974,84398.16,0,0,1,,,,,,,,,,,,,,,1
215,Active,Misc.Tier1.Classic.2@55,,VMO.2,Misc,M,26.28,26.35,11/15/1964,120070.56,0,0,1,,,,,,,,,,,,,,,1
216,Active,Misc.Tier1.Classic.2@55,,VCEA.2,Misc,M,9.87,10,05/08/1965,80113.2,0,0,1,,,,,,,,,,,,,,,1
217,Active,Misc.Tier1.Classic.2@55,,VMO.1,Misc,F,15.79,15.95,08/09/1965,74291.52,0,0,1,,,,,,,,,,,,,,,1
218,Active,Misc.Tier1.Classic.2@55,,VMO.1,Misc,M,12,12,05/19/1971,146667.84,0,0,1,,,,,,,,,,,,,,,1
219,Active,Fire.Classic.30@50,,VFA.1,Fire,M,8.79,8.949,10/16/1982,111992.16,0,0,1,,,,,,,,,,,,,,,1
220,Active,Misc.Tier1.Classic.2@55,,VMO.1,Misc,F,17.75,17.885,07/29/1976,112923.36,0,0,1,,,,,,,,,,,,,,,1
221,Active,Misc.Tier1.Classic.2@55,,VCEA.1,Misc,M,13.25,13.3,11/07/1952,80346.24,0,0,1,,,,,,,,,,,,,,,1
222,Active,Misc.Tier1.Classic.2@55,,VMO.1,Misc,M,10.41,10.5,04/08/1982,120070.56,0,0,1,,,,,,,,,,,,,,,1
223,Active,Police.Classic.30@50,,VPOA.1,Police,M,10.99,15.95,04/07/1979,98946.12,0,0,1,,,,,,,,,,,,,,,1
224,Active,Fire.Classic.30@50,,VFA.2,Fire,M,24.45,24.55,12/27/1967,125251.92,0,0,1,,,,,,,,,,,,,,,1
225,Active,Fire.Classic.30@50,,VFA.1,Fire,M,10.46,10.55,04/12/1981,111992.16,0,0,1,,,,,,,,,,,,,,,1
226,Active,Police.Classic.2@50,,VPOA.2,Police,M,1.66,14.34,05/15/1977,94247.4,0,0,1,,,,,,,,,,,,,,,1
227,Active,Misc.Tier1.PEPRA,,EL39.3,Misc,M,4.12,4.15,04/17/1990,77151.6,0,0,1,,,,,,,,,,,,,,,1
228,Active,Misc.Tier1.Classic.2@55,,VCEA.1,Misc,F,19.85,20,10/08/1958,55940.52,0,0,1,,,,,,,,,,,,,,,1
229,Active,Misc.Tier1.PEPRA,,VCEA.2,Misc,F,0.08,0,04/05/1986,46346.76,0,0,1,,,,,,,,,,,,,,,1
230,Active,Fire.Classic.30@50,,VFA.2,Fire,M,10.46,10.55,09/14/1982,111992.16,0,0,1,,,,,,,,,,,,,,,1
231,Active,Misc.Tier1.PEPRA,,VMO.2,Misc,F,3.04,3.049,05/18/1987,63573,0,0,1,,,,,,,,,,,,,,,1
232,Active,Police.Classic.30@50,,VPMA.1,Police,M,14.71,18.999,09/24/1974,132154.92,0,0,1,,,,,,,,,,,,,,,1
233,Active,Police.Classic.30@50,,VPOA.1,Police,M,10.16,20.416,11/10/1976,98946.12,0,0,1,,,,,,,,,,,,,,,1
234,Active,Fire.Classic.30@50,,VFA.1,Fire,M,8.79,9.086,08/30/1975,111992.16,0,0,1,,,,,,,,,,,,,,,1
235,Active,Misc.Tier1.PEPRA,,VMO.2,Misc,M,1.29,1.35,12/12/1961,114909.36,0,0,1,,,,,,,,,,,,,,,1
236,Active,Misc.Tier1.Classic.2@55,,EL39.3,Misc,M,10.29,10.348,09/12/1954,63202.08,0,0,1,,,,,,,,,,,,,,,1
237,Active,Misc.Tier1.Classic.2@55,,VMO.1,Misc,M,20.37,20.445,06/25/1966,93878.76,0,0,1,,,,,,,,,,,,,,,1
238,Active,Misc.Tier1.PEPRA,,VCEA.2,Misc,F,0.08,0,08/04/1990,56095.68,0,0,1,,,,,,,,,,,,,,,1
239,Active,Police.Classic.2@50,,VPOA.2,Police,M,3.46,13.727,10/19/1981,98946.12,0,0,1,,,,,,,,,,,,,,,1
240,Active,Misc.Tier1.PEPRA,,EL39.3,Misc,M,0.91,1,11/14/1969,48330.48,0,0,1,,,,,,,,,,,,,,,1
241,Active,Misc.Tier1.PEPRA,,VCEA.2,Misc,F,4.12,4.141,07/25/1976,61986.36,0,0,1,,,,,,,,,,,,,,,1
242,Active,Misc.Tier1.Classic.2@55,,VCEA.1,Misc,F,10,10,10/24/1962,59259.84,0,0,1,,,,,,,,,,,,,,,1
243,Active,Misc.Tier1.Classic.2@55,,VMO.1,Misc,M,13.39,17.9,10/21/1967,81910.2,0,0,1,,,,,,,,,,,,,,,1
244,Active,Misc.Tier1.PEPRA,,EL39.3,Misc,M,3.29,3.35,11/07/1968,82748.4,0,0,1,,,,,,,,,,,,,,,1
245,Active,Misc.Tier1.Classic.2@55,,VCEA.1,Misc,F,9.91,10,10/17/1968,52389.36,0,0,1,,,,,,,,,,,,,,,1
246,Active,Misc.Tier1.Classic.2@55,,VCEA.2,Misc,F,6,6,04/26/1972,54394.08,0,0,1,,,,,,,,,,,,,,,1
247,Active,Police.PEPRA.2@57,,VPOA.2,Police,M,2.75,2.9,01/04/1989,89772.84,0,0,1,,,,,,,,,,,,,,,1
248,Active,Misc.Tier1.Classic.2@55,,VCEA.2,Misc,F,1.16,1.858,02/28/1982,55942.92,0,0,1,,,,,,,,,,,,,,,1
249,Active,Misc.Tier1.Classic.2@55,,VCEA.2,Misc,F,22.5,20.997,11/07/1966,59289.72,0,0,1,,,,,,,,,,,,,,,1
250,Active,Misc.Tier1.Classic.2@55,,VMO.1,Misc,M,11.33,11.4,07/27/1982,107287.2,0,0,1,,,,,,,,,,,,,,,1
251,Active,Police.Classic.30@50,,VPOA.1,Police,M,9.99,10,01/22/1982,98946.12,0,0,1,,,,,,,,,,,,,,,1
252,Active,Misc.Tier1.Classic.2@55,,VCEA.1,Misc,M,10.71,10.848,02/18/1970,84363.84,0,0,1,,,,,,,,,,,,,,,1
253,Active,Misc.Tier1.Classic.2@55,,VCEA.2,Misc,F,22.95,22.94,04/15/1959,68073.12,0,0,1,,,,,,,,,,,,,,,1
254,Active,Misc.Tier1.Classic.2@55,,VMO.2,Misc,F,23.75,23.9,09/21/1962,90770.52,0,0,1,,,,,,,,,,,,,,,1
255,Active,Misc.Tier1.Classic.2@55,,VMO.2,Misc,F,0.96,11.148,04/17/1966,130764.48,0,0,1,,,,,,,,,,,,,,,1
256,Active,Misc.Tier1.Classic.2@55,,EL39.3,Misc,M,16.22,18.046,03/27/1973,66362.04,0,0,1,,,,,,,,,,,,,,,1
257,Active,Misc.Tier1.Classic.2@55,,DH.2,Misc,F,10.97,20.209,05/20/1965,188026.08,0,0,1,,,,,,,,,,,,,,,1
258,Active,Misc.Tier1.Classic.2@55,,DH.2,Misc,M,0.12,29.094,02/04/1965,197437.32,0,0,1,,,,,,,,,,,,,,,1
259,Active,Misc.Tier1.PEPRA,,VCEA.2,Misc,M,0.62,1.15,05/02/1988,48664.2,0,0,1,,,,,,,,,,,,,,,1
260,Active,Police.PEPRA.2@57,,VPOA.2,Police,M,4.28,4.35,04/15/1983,98946.12,0,0,1,,,,,,,,,,,,,,,1
261,Active,Police.PEPRA.2@57,,VPOA.2,Police,M,1.5,4.372,03/27/1984,81451.32,0,0,1,,,,,,,,,,,,,,,1
262,Active,Fire.Classic.30@50,,VFA.2,Fire,F,19.71,21.261,04/19/1975,104526.12,0,0,1,,,,,,,,,,,,,,,1
263,Active,Misc.Tier1.Classic.2@55,,VCEA.1,Misc,F,27,26.96,02/13/1968,65312.64,0,0,1,,,,,,,,,,,,,,,1
264,Active,Police.Classic.30@50,,VPOA.2,Police,M,11.79,13.514,05/14/1973,98946.12,0,0,1,,,,,,,,,,,,,,,1
265,Active,Misc.Tier1.Classic.2@55,,VMO.2,Misc,M,25.12,25.146,04/20/1963,123296.4,0,0,1,,,,,,,,,,,,,,,1
266,Active,Police.Classic.2@50,,VPOA.2,Police,M,4.54,4.65,05/26/1976,98946.12,0,0,1,,,,,,,,,,,,,,,1
267,Active,Police.Classic.30@50,,VPOA.1,Police,M,11.37,11.45,06/23/1970,98946.12,0,0,1,,,,,,,,,,,,,,,1
268,Active,Misc.Tier1.Classic.2@55,,VCEA.2,Misc,F,3.21,3.342,02/24/1973,54394.08,0,0,1,,,,,,,,,,,,,,,1
269,Active,Misc.Tier1.Classic.2@55,,VMO.1,Misc,M,20.46,23.568,06/10/1967,161334.6,0,0,1,,,,,,,,,,,,,,,1
270,Active,Misc.Tier1.Classic.2@55,,EL39.3,Misc,M,12.49,13.498,02/10/1972,66362.04,0,0,1,,,,,,,,,,,,,,,1
271,Active,Misc.Tier1.Classic.2@55,,EL39.3,Misc,M,12.12,14,09/02/1957,86885.64,0,0,1,,,,,,,,,,,,,,,1
272,Active,Misc.Tier1.Classic.2@55,,VMO.2,Misc,M,0.58,19.136,11/16/1970,108925.56,0,0,1,,,,,,,,,,,,,,,1
273,Active,Misc.Tier1.Classic.2@55,,EL39.3,Misc,M,10.29,10.348,12/03/1962,60192.6,0,0,1,,,,,,,,,,,,,,,1
274,Active,Misc.Tier1.Classic.2@55,,VMO.1,Misc,F,17.04,17.05,08/06/1956,86647.32,0,0,1,,,,,,,,,,,,,,,1
275,Active,Fire.Classic.30@50,,VFA.1,Fire,M,8.79,8.947,08/03/1983,117591.84,0,0,1,,,,,,,,,,,,,,,1
276,Active,Misc.Tier1.Classic.2@55,,EL39.3,Misc,M,12.45,12.546,06/17/1959,63202.08,0,0,1,,,,,,,,,,,,,,,1
277,Active,Misc.Tier1.Classic.2@55,,EL39.3,Misc,M,30.89,30.992,09/01/1963,64770.84,0,0,1,,,,,,,,,,,,,,,1
278,Active,Misc.Tier1.Classic.2@55,,VCEA.1,Misc,F,17.2,17.217,03/14/1961,53263.92,0,0,1,,,,,,,,,,,,,,,1
279,Active,Police.Classic.30@50,,VPMA.1,Police,M,16.48,16.577,07/21/1973,132154.92,0,0,1,,,,,,,,,,,,,,,1
280,Active,Misc.Tier1.Classic.2@55,,VMO.1,Misc,F,10.21,29.168,09/22/1964,120070.56,0,0,1,,,,,,,,,,,,,,,1
281,Active,Police.PEPRA.2@57,,VPOA.2,Police,M,2.12,3.831,10/09/1988,89772.84,0,0,1,,,,,,,,,,,,,,,1
282,Active,Misc.Tier1.PEPRA,,EL39.3,Misc,M,0.33,0.3,02/28/1984,76975.68,0,0,1,,,,,,,,,,,,,,,1
283,Active,Misc.Tier1.PEPRA,,VCEA.2,Misc,F,0.41,0.4,03/23/1992,43820.28,0,0,1,,,,,,,,,,,,,,,1
284,Active,Misc.Tier1.Classic.2@55,,EL39.3,Misc,M,3.99,11,12/11/1982,86885.64,0,0,1,,,,,,,,,,,,,,,1
285,Active,Misc.Tier1.Classic.2@55,,VMO.2,Misc,F,0.66,8.4,11/30/1983,93039.84,0,0,1,,,,,,,,,,,,,,,1
286,Active,Misc.Tier1.Classic.2@55,,VMO.1,Misc,M,18.56,18.682,09/23/1972,133032,0,0,1,,,,,,,,,,,,,,,1
287,Active,Police.Classic.2@50,,VPOA.2,Police,M,2.75,14.901,10/03/1972,94247.4,0,0,1,,,,,,,,,,,,,,,1
288,Active,Misc.Tier1.Classic.2@55,,AMG.2,Misc,F,7.12,7.951,06/15/1970,68073.12,0,0,1,,,,,,,,,,,,,,,1
289,Active,Fire.Classic.30@50,,FMG.2,Fire,M,24.96,26.793,08/06/1971,150803.28,0,0,1,,,,,,,,,,,,,,,1
290,Active,Misc.Tier1.Classic.2@55,,EL39.3,Misc,M,12.45,12.546,11/20/1981,60192.6,0,0,1,,,,,,,,,,,,,,,1
291,Active,Police.Classic.30@50,,VPMA.2,Police,M,24.47,24.205,06/21/1971,132154.92,0,0,1,,,,,,,,,,,,,,,1
292,Active,Misc.Tier1.Classic.2@55,,DH.2,Misc,M,27.13,29.595,10/21/1963,200267.64,0,0,1,,,,,,,,,,,,,,,1
293,Active,Police.Classic.30@50,,VPOA.1,Police,M,9.61,9.744,07/08/1974,98946.12,0,0,1,,,,,,,,,,,,,,,1
294,Active,Police.Classic.30@50,,VPOA.1,Police,M,20.58,22.85,03/14/1971,98946.12,0,0,1,,,,,,,,,,,,,,,1
295,Active,Misc.Tier1.Classic.2@55,,VPOA.1,Misc,F,16.33,20.156,10/23/1968,83784.12,0,0,1,,,,,,,,,,,,,,,1
296,Active,Misc.Tier1.PEPRA,,EL39.3,Misc,M,3.19,3.25,10/14/1980,80825.04,0,0,1,,,,,,,,,,,,,,,1
297,Active,Misc.Tier1.PEPRA,,EL39.3,Misc,M,0.46,0.45,03/02/1978,68195.04,0,0,1,,,,,,,,,,,,,,,1
298,Active,Police.Classic.30@50,,VPOA.1,Police,M,15.87,12.978,02/16/1973,98946.12,0,0,1,,,,,,,,,,,,,,,1
299,Active,Misc.Tier1.Classic.2@55,,VCEA.1,Misc,F,10.87,11,12/13/1975,52810.68,0,0,1,,,,,,,,,,,,,,,1
300,Active,Misc.Tier1.PEPRA,,VCEA.2,Misc,F,2.62,2.75,12/18/1990,49337.28,0,0,1,,,,,,,,,,,,,,,1
301,Active,Misc.Tier1.Classic.2@55,,VPOA.2,Misc,F,0.16,5.231,07/30/1984,62626.44,0,0,1,,,,,,,,,,,,,,,1
302,Active,Police.Classic.30@50,,VPOA.1,Police,M,10.12,24.243,12/12/1971,98946.12,0,0,1,,,,,,,,,,,,,,,1
303,Active,Misc.Tier1.PEPRA,,VCEA.2,Misc,F,0.83,0.9,12/05/1965,43100.52,0,0,1,,,,,,,,,,,,,,,1
304,Active,Police.Classic.2@50,,VPOA.2,Police,M,1.87,10.07,02/01/1982,98946.12,0,0,1,,,,,,,,,,,,,,,1
305,Active,Misc.Tier1.Classic.2@55,,CC.2,Misc,M,2.56,0,09/13/1937,9948,0,0,1,,,,,,,,,,,,,,,1
306,Active,Police.PEPRA.2@57,,VPOA.2,Police,M,4.28,4.35,05/25/1988,98946.12,0,0,1,,,,,,,,,,,,,,,1
307,Active,Misc.Tier1.Classic.2@55,,VMO.1,Misc,M,18.04,18.05,11/28/1975,133032,0,0,1,,,,,,,,,,,,,,,1
308,Active,Misc.Tier1.PEPRA,,EL39.3,Misc,M,0.58,0.6,11/30/1973,48330.48,0,0,1,,,,,,,,,,,,,,,1
309,Active,Police.Classic.30@50,,VPOA.1,Police,M,8.66,11.698,10/17/1983,98946.12,0,0,1,,,,,,,,,,,,,,,1
310,Active,Misc.Tier1.Classic.2@55,,DH.2,Misc,F,15.04,22.361,03/24/1961,164191.2,0,0,1,,,,,,,,,,,,,,,1
311,Active,Misc.Tier1.Classic.2@55,,VCEA.1,Misc,F,20.29,21.953,09/12/1973,58792.32,0,0,1,,,,,,,,,,,,,,,1
312,Active,Misc.Tier1.Classic.2@55,,AMG.1,Misc,F,20.13,20.422,09/22/1967,108384.36,0,0,1,,,,,,,,,,,,,,,1
313,Active,Misc.Tier1.Classic.2@55,,VMO.2,Misc,M,8.33,8.4,05/30/1972,133321.92,0,0,1,,,,,,,,,,,,,,,1
314,Active,Misc.Tier1.Classic.2@55,,VCEA.1,Misc,M,11.46,11.546,11/23/1968,57629.88,0,0,1,,,,,,,,,,,,,,,1
315,Active,Misc.Tier1.Classic.2@55,,EL39.3,Misc,F,14.71,14.848,06/28/1976,84866.4,0,0,1,,,,,,,,,,,,,,,1
316,Active,Fire.Classic.30@50,,VFA.2,Fire,M,10.46,10.55,05/14/1978,125251.92,0,0,1,,,,,,,,,,,,,,,1
317,Active,Misc.Tier1.Classic.2@55,,EL39.3,Misc,M,10.04,10.049,04/22/1962,66362.04,0,0,1,,,,,,,,,,,,,,,1
318,Active,Misc.Tier1.PEPRA,,VMO.2,Misc,F,3.25,3.3,06/13/1990,94304.28,0,0,1,,,,,,,,,,,,,,,1
319,Active,Misc.Tier1.Classic.2@55,,EL39.3,Misc,M,23.04,23.05,03/02/1968,71409.72,0,0,1,,,,,,,,,,,,,,,1
320,Active,Misc.Tier1.PEPRA,,VMO.2,Misc,M,0.87,0.95,02/17/1977,118387.56,0,0,1,,,,,,,,,,,,,,,1
321,Active,Police.Classic.30@50,,VPOA.1,Police,M,18.25,20.588,12/21/1972,98946.12,0,0,1,,,,,,,,,,,,,,,1
322,Active,Misc.Tier1.Classic.2@55,,VMO.1,Misc,M,17.43,17.527,09/13/1969,107705.16,0,0,1,,,,,,,,,,,,,,,1
323,Active,Misc.Tier1.Classic.2@55,,VCEA.1,Misc,M,19.46,19.55,12/19/1968,92800.32,0,0,1,,,,,,,,,,,,,,,1
324,Active,Misc.Tier1.Classic.2@55,,VCEA.1,Misc,F,11.96,12,01/25/1963,52389.36,0,0,1,,,,,,,,,,,,,,,1
325,Active,Fire.Classic.30@50,,VFA.2,Fire,M,22.87,23,07/22/1967,125251.92,0,0,1,,,,,,,,,,,,,,,1
326,Active,Fire.Classic.2@50,,VFA.2,Fire,M,4.51,4.609,04/01/1978,104526.12,0,0,1,,,,,,,,,,,,,,,1
327,Active,Misc.Tier1.Classic.2@55,,VCEA.1,Misc,F,15.49,15.596,09/21/1971,53263.92,0,0,1,,,,,,,,,,,,,,,1
328,Active,Misc.Tier1.PEPRA,,VCEA.2,Misc,F,0.37,0.35,07/28/1994,44303.4,0,0,1,,,,,,,,,,,,,,,1
329,Active,Misc.Tier1.Classic.2@55,,VCEA.2,Misc,F,4.04,12.348,08/30/1956,64761.36,0,0,1,,,,,,,,,,,,,,,1
330,Active,Misc.Tier1.PEPRA,,VCEA.2,Misc,M,1.96,2,05/10/1967,55468.44,0,0,1,,,,,,,,,,,,,,,1
331,Active,Fire.Classic.30@50,,VFA.2,Fire,M,19.93,21.242,01/11/1967,125251.92,0,0,1,,,,,,,,,,,,,,,1
332,Active,Misc.Tier1.Classic.2@55,,VCEA.1,Misc,F,11.62,20.624,05/23/1971,63771.24,0,0,1,,,,,,,,,,,,,,,1
333,Active,Police.Classic.30@50,,VPMA.1,Police,M,10.46,19.362,06/11/1967,132154.92,0,0,1,,,,,,,,,,,,,,,1
334,Active,Misc.Tier1.Classic.2@55,,EL39.3,Misc,M,15.82,0,08/16/1955,68009.28,0,0,1,,,,,,,,,,,,,,,1
335,Active,Fire.Classic.30@50,,VFA.2,Fire,M,17.62,17.75,04/06/1974,125251.92,0,0,1,,,,,,,,,,,,,,,1
336,Active,Misc.Tier1.Classic.2@55,,VMO.2,Misc,F,5.48,5.575,03/16/1971,102737.76,0,0,1,,,,,,,,,,,,,,,1
337,Active,Police.Classic.30@50,,VPMA.1,Police,M,16.24,16.3,07/09/1972,132154.92,0,0,1,,,,,,,,,,,,,,,1
338,Active,Misc.Tier1.Classic.2@55,,VCEA.2,Misc,M,1.25,16,10/03/1975,72876.48,0,0,1,,,,,,,,,,,,,,,1
339,Active,Police.PEPRA.2@57,,VPOA.2,Police,M,0.96,1,11/08/1984,85511.52,0,0,1,,,,,,,,,,,,,,,1
340,Active,Police.Classic.30@50,,VPOA.1,Police,M,15.98,15.568,07/11/1969,98946.12,0,0,1,,,,,,,,,,,,,,,1
341,Active,Police.Classic.30@50,,VPMA.1,Police,M,21.53,21.642,07/28/1972,156899.04,0,0,1,,,,,,,,,,,,,,,1
342,Active,Misc.Tier1.Classic.2@55,,VMO.1,Misc,M,26.49,27.886,02/20/1954,133032,0,0,1,,,,,,,,,,,,,,,1
343,Active,Misc.Tier1.PEPRA,,VCEA.2,Misc,F,1.37,1.409,07/19/1988,41043.72,0,0,1,,,,,,,,,,,,,,,1
344,Active,Misc.Tier1.Classic.2@55,,VCEA.1,Misc,F,11.49,16.464,07/23/1962,61986.36,0,0,1,,,,,,,,,,,,,,,1
345,Active,Misc.Tier1.PEPRA,,VCEA.2,Misc,F,0.83,0.9,07/24/1989,46518.48,0,0,1,,,,,,,,,,,,,,,1
346,Active,Fire.Classic.30@50,,FMG.2,Fire,M,21.52,22,06/15/1970,150803.28,0,0,1,,,,,,,,,,,,,,,1
347,Active,Misc.Tier1.PEPRA,,VCEA.2,Misc,M,0.62,1.332,11/08/1966,67366.44,0,0,1,,,,,,,,,,,,,,,1
348,Active,Fire.Classic.30@50,,VFA.2,Fire,M,22.87,23,07/15/1970,125251.92,0,0,1,,,,,,,,,,,,,,,1
349,Active,Fire.Classic.30@50,,VFA.2,Fire,M,17.29,17.35,08/31/1975,104526.12,0,0,1,,,,,,,,,,,,,,,1
350,Active,Police.Classic.30@50,,VPOA.1,Police,F,15.91,15.964,07/16/1978,98946.12,0,0,1,,,,,,,,,,,,,,,1
351,Active,Misc.Tier1.Classic.2@55,,VMO.1,Misc,F,23.62,23.75,11/23/1966,126879.6,0,0,1,,,,,,,,,,,,,,,1
352,Active,Police.Classic.30@50,,VPOA.1,Police,M,17.78,18.614,11/02/1971,98946.12,0,0,1,,,,,,,,,,,,,,,1
353,Active,Misc.Tier1.Classic.2@55,,DH.2,Misc,M,5.91,10,04/29/1971,217659,0,0,1,,,,,,,,,,,,,,,1
354,Active,Misc.Tier1.Classic.2@55,,VPOA.1,Misc,F,18.87,20.05,12/24/1973,83784.12,0,0,1,,,,,,,,,,,,,,,1
355,Active,Fire.PEPRA.2@57,,VFA.2,Fire,M,4.48,4.573,06/14/1978,99548.4,0,0,1,,,,,,,,,,,,,,,1
356,Active,Misc.Tier1.PEPRA,,VCEA.2,Misc,F,0.08,0,11/16/1993,43447.32,0,0,1,,,,,,,,,,,,,,,1
357,Active,Fire.Classic.30@50,,VFA.2,Fire,M,18.79,18.959,04/27/1966,104526.12,0,0,1,,,,,,,,,,,,,,,1
358,Active,Misc.Tier1.PEPRA,,VCEA.2,Misc,F,1.16,1.139,09/22/1987,45256.56,0,0,1,,,,,,,,,,,,,,,1
359,Active,Police.Classic.30@50,,VPMA.1,Police,M,24.21,24.25,08/17/1969,132154.92,0,0,1,,,,,,,,,,,,,,,1
360,Active,Fire.Classic.2@50,,VFA.2,Fire,M,3.04,6,08/20/1980,106659.24,0,0,1,,,,,,,,,,,,,,,1
361,Active,Police.Classic.30@50,,VPOA.1,Police,M,21.83,22,08/30/1968,98946.12,0,0,1,,,,,,,,,,,,,,,1
362,Active,Misc.Tier1.Classic.2@55,,EL39.3,Misc,M,17.12,17.15,05/23/1975,60192.6,0,0,1,,,,,,,,,,,,,,,1
363,Active,Fire.Classic.2@50,,VFA.2,Fire,M,4.51,11.157,01/15/1976,111992.16,0,0,1,,,,,,,,,,,,,,,1
364,Active,Misc.Tier1.Classic.2@55,,VMO.1,Misc,M,8.58,12.488,05/05/1978,102956.76,0,0,1,,,,,,,,,,,,,,,1
365,Active,Misc.Tier1.Classic.2@55,,VPOA.2,Misc,F,1.71,19.092,08/03/1968,72499.2,0,0,1,,,,,,,,,,,,,,,1
366,Active,Misc.Tier1.Classic.2@55,,EL39.3,Misc,M,21.74,22.574,01/06/1963,63202.08,0,0,1,,,,,,,,,,,,,,,1
367,Active,Misc.Tier1.Classic.2@55,,VCEA.1,Misc,F,14.75,14.9,09/24/1962,53263.92,0,0,1,,,,,,,,,,,,,,,1
368,Active,Police.Classic.2@50,,VPOA.2,Police,M,4.21,5.69,05/26/1984,98946.12,0,0,1,,,,,,,,,,,,,,,1
369,Active,Misc.Tier1.Classic.2@55,,EL39.3,Misc,M,13.87,23.9,04/12/1963,75184.56,0,0,1,,,,,,,,,,,,,,,1
370,Active,Police.Classic.30@50,,VPOA.1,Police,F,9.61,9.533,06/28/1982,98946.12,0,0,1,,,,,,,,,,,,,,,1
371,Active,Misc.Tier1.Classic.2@55,,VCEA.1,Misc,F,11.25,11.3,02/03/1962,61677.12,0,0,1,,,,,,,,,,,,,,,1
372,Active,Police.Classic.2@50,,VPOA.2,Police,M,2.75,2.873,10/08/1977,98946.12,0,0,1,,,,,,,,,,,,,,,1
373,Active,Police.Classic.2@50,,VPOA.2,Police,M,2.08,2.1,09/04/1976,98946.12,0,0,1,,,,,,,,,,,,,,,1
374,Active,Misc.Tier1.Classic.2@55,,VMO.1,Misc,M,23.02,23.032,06/19/1969,76551.6,0,0,1,,,,,,,,,,,,,,,1
375,Active,Misc.Tier1.Classic.2@55,,VMO.1,Misc,F,15.21,15.25,03/10/1958,97312.68,0,0,1,,,,,,,,,,,,,,,1
376,Active,Police.Classic.30@50,,VPOA.1,Police,M,11.83,20,05/13/1966,98946.12,0,0,1,,,,,,,,,,,,,,,1
377,Active,Misc.Tier1.Classic.2@55,,VMO.2,Misc,M,6.08,7.835,10/12/1967,99745.2,0,0,1,,,,,,,,,,,,,,,1
378,Active,Fire.Classic.30@50,,VFA.2,Fire,M,21.14,21.182,12/30/1969,125251.92,0,0,1,,,,,,,,,,,,,,,1
379,Active,Misc.Tier1.Classic.2@55,,VPOA.1,Misc,F,9.91,29.808,03/20/1968,83784.12,0,0,1,,,,,,,,,,,,,,,1
380,Active,Misc.Tier1.Classic.2@55,,EL39.3,Misc,M,11.08,11.1,10/09/1963,80823.96,0,0,1,,,,,,,,,,,,,,,1
381,Active,Misc.Tier1.Classic.2@55,,VCEA.1,Misc,M,17.12,17.15,10/03/1960,53263.92,0,0,1,,,,,,,,,,,,,,,1
382,Active,Police.Classic.30@50,,VPOA.1,Police,M,24.21,24.25,01/03/1973,98946.12,0,0,1,,,,,,,,,,,,,,,1
383,Active,Misc.Tier1.PEPRA,,VCEA.2,Misc,F,3.29,3.35,09/04/1959,47513.28,0,0,1,,,,,,,,,,,,,,,1
384,Active,Police.Classic.30@50,,VPMA.1,Police,M,25.66,25.8,05/25/1965,132154.92,0,0,1,,,,,,,,,,,,,,,1
385,Active,Misc.Tier1.Classic.2@55,,VMO.1,Misc,M,19.29,19.35,07/27/1965,111948,0,0,1,,,,,,,,,,,,,,,1
386,Active,Police.Classic.30@50,,VPOA.1,Police,M,17.04,26.046,06/27/1966,98946.12,0,0,1,,,,,,,,,,,,,,,1
387,Active,Police.Classic.30@50,,VPMA.1,Police,M,18.71,18.85,11/12/1975,132154.92,0,0,1,,,,,,,,,,,,,,,1
388,Active,Police.Classic.30@50,,VPOA.1,Police,M,21.4,21.482,04/13/1971,98946.12,0,0,1,,,,,,,,,,,,,,,1
389,Active,Misc.Tier1.Classic.2@55,,EL39.3,Misc,M,27.62,27.75,12/31/1952,82749.36,0,0,1,,,,,,,,,,,,,,,1
390,Active,Misc.Tier1.Classic.2@55,,VMO.1,Misc,F,10.28,10.346,05/07/1971,97312.68,0,0,1,,,,,,,,,,,,,,,1
391,Active,Misc.Tier1.Classic.2@55,,VCEA.1,Misc,M,13.12,13.15,05/14/1971,84363.84,0,0,1,,,,,,,,,,,,,,,1
392,Active,Police.Classic.30@50,,VPOA.1,Police,M,19.37,20.9,07/22/1971,98946.12,0,0,1,,,,,,,,,,,,,,,1
393,Active,Fire.Classic.30@50,,VFA.2,Fire,M,15.91,16,10/28/1969,111992.16,0,0,1,,,,,,,,,,,,,,,1
394,Active,Misc.Tier1.Classic.2@55,,EL39.3,Misc,M,11.49,12.39,08/11/1963,71409.72,0,0,1,,,,,,,,,,,,,,,1
395,Active,Fire.Classic.30@50,,VFA.2,Fire,F,14.47,19.973,11/28/1967,111992.16,0,0,1,,,,,,,,,,,,,,,1
396,Active,Misc.Tier1.Classic.2@55,,EL39.3,Misc,M,27.99,28,02/20/1965,86885.64,0,0,1,,,,,,,,,,,,,,,1
397,Active,Misc.Tier1.Classic.2@55,,EL39.3,Misc,M,0.46,12,10/09/1967,54596.88,0,0,1,,,,,,,,,,,,,,,1
398,Active,Misc.Tier1.Classic.2@55,,VMO.2,Misc,F,4.04,14.061,08/04/1980,93039.84,0,0,1,,,,,,,,,,,,,,,1
399,Active,Fire.Classic.30@50,,VFA.1,Fire,M,8.79,9.934,11/12/1978,111992.16,0,0,1,,,,,,,,,,,,,,,1
400,Active,Police.Classic.30@50,,VPOA.1,Police,F,15.48,15.594,09/05/1965,98946.12,0,0,1,,,,,,,,,,,,,,,1
401,Active,Fire.Classic.30@50,,VFA.1,Fire,M,20.54,20.65,10/01/1971,111992.16,0,0,1,,,,,,,,,,,,,,,1
402,Active,Misc.Tier1.Classic.2@55,,VCEA.1,Misc,F,13.58,14.648,06/07/1970,61986.36,0,0,1,,,,,,,,,,,,,,,1
403,Active,Misc.Tier1.Classic.2@55,,AMG.1,Misc,M,10.57,17.349,11/27/1959,105045.6,0,0,1,,,,,,,,,,,,,,,1
404,Active,Misc.Tier1.Classic.2@55,,DH.2,Misc,M,6.18,15.512,03/18/1956,200267.64,0,0,1,,,,,,,,,,,,,,,1
405,Active,Misc.Tier1.Classic.2@55,,VMO.1,Misc,M,20.75,20.9,06/18/1958,93878.76,0,0,1,,,,,,,,,,,,,,,1
406,Active,Misc.Tier1.Classic.2@55,,VCEA.2,Misc,F,4.71,4.811,12/03/1970,53263.92,0,0,1,,,,,,,,,,,,,,,1
407,Active,Misc.Tier1.Classic.2@55,,EL39.3,Misc,M,13.91,14.323,10/23/1969,80823.96,0,0,1,,,,,,,,,,,,,,,1
408,Active,Police.Classic.30@50,,VPOA.1,Police,M,17.49,22.9,11/21/1970,98946.12,0,0,1,,,,,,,,,,,,,,,1
409,Active,Misc.Tier1.Classic.2@55,,VCEA.2,Misc,F,16.29,16.35,11/13/1955,61153.92,0,0,1,,,,,,,,,,,,,,,1
410,Active,Misc.Tier1.Classic.2@55,,DH.2,Misc,F,21.58,21.676,11/17/1965,207049.92,0,0,1,,,,,,,,,,,,,,,1
411,Active,Misc.Tier1.Classic.2@55,,EL39.3,Misc,M,27,27,10/12/1970,68009.28,0,0,1,,,,,,,,,,,,,,,1
412,Active,Police.Classic.2@50,,VPOA.2,Police,M,4.79,10.376,07/23/1974,98946.12,0,0,1,,,,,,,,,,,,,,,1
413,Active,Misc.Tier1.PEPRA,,VCEA.2,Misc,F,2.41,2.5,02/04/1977,48664.2,0,0,1,,,,,,,,,,,,,,,1
414,Active,Misc.Tier1.Classic.2@55,,AMG.2,Misc,F,0.66,9.518,02/22/1975,136675.68,0,0,1,,,,,,,,,,,,,,,1
415,Active,Misc.Tier1.Classic.2@55,,VCEA.1,Misc,M,15.12,15.15,01/25/1966,84363.84,0,0,1,,,,,,,,,,,,,,,1
416,Active,Misc.Tier1.Classic.2@55,,VCEA.1,Misc,M,13.87,14,11/09/1963,60181.32,0,0,1,,,,,,,,,,,,,,,1
417,Active,Misc.Tier1.PEPRA,,EL39.3,Misc,M,3.41,3.5,07/18/1953,57326.16,0,0,1,,,,,,,,,,,,,,,1
418,Active,Misc.Tier1.PEPRA,,VCEA.2,Misc,F,2.58,10.138,01/09/1975,53651.88,0,0,1,,,,,,,,,,,,,,,1
419,Active,Misc.Tier1.Classic.2@55,,VMO.1,Misc,M,11.04,18.641,11/24/1963,144174.24,0,0,1,,,,,,,,,,,,,,,1
420,Active,Misc.Tier1.Classic.2@55,,VMO.1,Misc,M,17.91,17.798,11/29/1972,76551.6,0,0,1,,,,,,,,,,,,,,,1
421,Active,Misc.Tier1.Classic.2@55,,EL39.3,Misc,M,15.91,21.334,01/05/1958,63202.08,0,0,1,,,,,,,,,,,,,,,1
422,Active,Misc.Tier1.Classic.2@55,,VCEA.1,Misc,F,9.02,9.027,08/22/1982,82920.72,0,0,1,,,,,,,,,,,,,,,1
423,Active,Fire.Classic.30@50,,VFA.2,Fire,M,15.91,16.253,11/20/1974,99548.4,0,0,1,,,,,,,,,,,,,,,1
424,Active,Misc.Tier1.Classic.2@55,,EL39.3,Misc,M,14.25,16.084,12/04/1966,80823.96,0,0,1,,,,,,,,,,,,,,,1
425,Active,Misc.Tier1.Classic.2@55,,VMO.1,Misc,M,17.91,18,04/16/1970,97691.88,0,0,1,,,,,,,,,,,,,,,1
426,Active,Police.Classic.30@50,,VPOA.1,Police,M,10.55,12.652,12/10/1985,98946.12,0,0,1,,,,,,,,,,,,,,,1
427,Active,Misc.Tier1.PEPRA,,VCEA.2,Misc,F,1.5,3.827,03/20/1986,58900.44,0,0,1,,,,,,,,,,,,,,,1
428,Active,Misc.Tier1.PEPRA,,EL39.3,Misc,M,3.62,3.75,01/13/1983,64770.84,0,0,1,,,,,,,,,,,,,,,1
429,Active,Misc.Tier1.Classic.2@55,,DH.1,Misc,F,17.2,17.25,02/17/1969,167574.12,0,0,1,,,,,,,,,,,,,,,1
430,Active,Fire.Classic.30@50,,VFA.2,Fire,M,8.75,11.408,02/18/1974,111992.16,0,0,1,,,,,,,,,,,,,,,1
431,Active,Police.Classic.30@50,,VPOA.1,Police,M,10.49,10.6,09/30/1980,98946.12,0,0,1,,,,,,,,,,,,,,,1
432,Active,Misc.Tier1.PEPRA,,VCEA.2,Misc,F,1.62,1.75,07/23/1993,51419.4,0,0,1,,,,,,,,,,,,,,,1
433,Active,Misc.Tier1.Classic.2@55,,VMO.1,Misc,M,10.74,10.9,06/13/1962,110296.92,0,0,1,,,,,,,,,,,,,,,1
434,Active,Misc.Tier1.Classic.2@55,,EL39.3,Misc,M,10.49,10.594,06/21/1974,63202.08,0,0,1,,,,,,,,,,,,,,,1
435,Active,Police.PEPRA.2@57,,DH.2,Police,M,1.75,1.9,08/11/1964,210470.64,0,0,1,,,,,,,,,,,,,,,1
436,Active,Fire.PEPRA.2@57,,VFA.2,Fire,M,3.79,4.775,10/27/1985,111992.16,0,0,1,,,,,,,,,,,,,,,1
437,Active,Misc.Tier1.Classic.2@55,,EL39.3,Misc,F,0.66,12.192,07/17/1966,57326.16,0,0,1,,,,,,,,,,,,,,,1
438,Active,Misc.Tier1.Classic.2@55,,VMO.1,Misc,M,19.79,26.581,04/28/1961,113767.44,0,0,1,,,,,,,,,,,,,,,1
439,Active,Misc.Tier1.Classic.2@55,,VCEA.2,Misc,F,21.71,22.394,06/29/1959,64761.36,0,0,1,,,,,,,,,,,,,,,1
440,Active,Fire.PEPRA.2@57,,VFA.2,Fire,M,1.79,1.95,05/20/1992,96742.56,0,0,1,,,,,,,,,,,,,,,1
441,Active,Police.PEPRA.2@57,,VPOA.2,Police,F,2.12,2.78,06/06/1988,89772.84,0,0,1,,,,,,,,,,,,,,,1
442,Active,Police.Classic.30@50,,VPOA.1,Police,M,21.16,22.837,02/04/1971,98946.12,0,0,1,,,,,,,,,,,,,,,1
443,Active,Police.Classic.2@50,,VPOA.2,Police,M,2.12,8,01/10/1983,98946.12,0,0,1,,,,,,,,,,,,,,,1
444,Active,Misc.Tier1.Classic.2@55,,VCEA.1,Misc,F,17.79,17.95,11/29/1975,64761.36,0,0,1,,,,,,,,,,,,,,,1
445,Active,Police.Classic.30@50,,VPOA.1,Police,M,20.46,24.895,06/17/1972,98946.12,0,0,1,,,,,,,,,,,,,,,1
446,Active,Misc.Tier1.Classic.2@55,,VCEA.1,Misc,M,11.82,11.984,02/08/1958,84401.64,0,0,1,,,,,,,,,,,,,,,1
447,Active,Misc.Tier1.Classic.2@55,,VPOA.1,Misc,F,21.5,21.6,02/07/1964,76124.04,0,0,1,,,,,,,,,,,,,,,1
448,Active,Misc.Tier1.PEPRA,,VMO.2,Misc,F,1.75,1.9,07/31/1975,78651.48,0,0,1,,,,,,,,,,,,,,,1
449,Active,Misc.Tier1.Classic.2@55,,VMO.2,Misc,F,0.66,0.7,06/17/1971,84062.28,0,0,1,,,,,,,,,,,,,,,1
450,Active,Misc.Tier1.Classic.2@55,,EL39.3,Misc,M,12.25,12.939,10/28/1967,63202.08,0,0,1,,,,,,,,,,,,,,,1
451,Active,Fire.Classic.30@50,,VFA.1,Fire,M,10.46,10.55,12/01/1977,99548.4,0,0,1,,,,,,,,,,,,,,,1
452,Active,Misc.Tier1.Classic.2@55,,VCEA.1,Misc,M,10.95,16.14,06/26/1974,92800.32,0,0,1,,,,,,,,,,,,,,,1
453,Active,Misc.Tier1.Classic.2@55,,VCEA.1,Misc,F,16.3,16.368,10/19/1967,64761.36,0,0,1,,,,,,,,,,,,,,,1
454,Active,Misc.Tier1.Classic.2@55,,EL39.3,Misc,M,13.54,21.2,12/01/1961,66362.04,0,0,1,,,,,,,,,,,,,,,1
455,Active,Misc.Tier1.PEPRA,,EL39.3,Misc,M,1.25,1.276,04/04/1975,51995.88,0,0,1,,,,,,,,,,,,,,,1
456,Active,Police.Classic.30@50,,VPOA.1,Police,M,23.58,23.7,12/18/1968,98946.12,0,0,1,,,,,,,,,,,,,,,1
457,Active,Fire.PEPRA.2@57,,VFA.2,Fire,M,1.66,3.339,10/12/1986,96742.56,0,0,1,,,,,,,,,,,,,,,1
458,Active,Police.Classic.30@50,,VPOA.1,Police,M,23.83,22.127,09/12/1968,98946.12,0,0,1,,,,,,,,,,,,,,,1
459,Active,Misc.Tier1.Classic.2@55,,VMO.1,Misc,M,11.29,20.345,06/23/1964,120070.56,0,0,1,,,,,,,,,,,,,,,1
460,Active,Misc.Tier1.PEPRA,,VCEA.2,Misc,M,0.04,0,02/14/1987,46346.76,0,0,1,,,,,,,,,,,,,,,1
461,Active,Misc.Tier1.Classic.2@55,,VCEA.2,Misc,F,2.62,18.636,12/28/1971,71533.08,0,0,1,,,,,,,,,,,,,,,1
462,Active,Police.Classic.30@50,,CC.1,Not Eligible,M,10.11,0,08/02/1952,9948,0,0,1,,,,,,,,,,,,,,,0
463,Active,Misc.Tier1.PEPRA,,EL39.3,Misc,M,1.08,1.092,03/04/1969,48330.48,0,0,1,,,,,,,,,,,,,,,1
464,Active,Misc.Tier1.PEPRA,,EL39.3,Misc,M,3.12,3.15,09/03/1991,73479.36,0,0,1,,,,,,,,,,,,,,,1
465,Active,Misc.Tier1.Classic.2@55,,VCEA.1,Misc,F,9.9,9.814,05/08/1984,70510.8,0,0,1,,,,,,,,,,,,,,,1
466,Active,Fire.Classic.30@50,,VFA.2,Fire,M,23.87,14.932,08/03/1966,104526.12,0,0,1,,,,,,,,,,,,,,,1
467,Active,Fire.Classic.30@50,,VFA.2,Fire,M,14.58,22.531,07/23/1971,99548.4,0,0,1,,,,,,,,,,,,,,,1
468,Active,Misc.Tier1.Classic.2@55,,VMO.2,Misc,F,27.63,27.8,04/04/1959,118081.56,0,0,1,,,,,,,,,,,,,,,1
469,Active,Police.Classic.30@50,,VPOA.1,Police,M,9.58,12,12/25/1977,98946.12,0,0,1,,,,,,,,,,,,,,,1
470,Active,Fire.Classic.30@50,,VFA.2,Fire,M,27.62,27.743,12/27/1965,125251.92,0,0,1,,,,,,,,,,,,,,,1
471,Active,Misc.Tier1.Classic.2@55,,AMG.1,Misc,F,11.49,11.595,04/09/1961,68073.12,0,0,1,,,,,,,,,,,,,,,1
472,Active,Misc.Tier1.Classic.2@55,,EL39.3,Misc,M,12.16,12.2,10/30/1982,66362.04,0,0,1,,,,,,,,,,,,,,,1
473,Active,Police.Classic.2@50,,VPOA.2,Police,F,0.12,4.191,07/12/1985,71199.84,0,0,1,,,,,,,,,,,,,,,1
474,Active,Police.PEPRA.2@57,,VPOA.2,Police,F,0.96,1,05/11/1990,85511.52,0,0,1,,,,,,,,,,,,,,,1
475,Active,Misc.Tier1.Classic.2@55,,EL39.3,Misc,M,11.14,11.175,10/31/1970,93398.4,0,0,1,,,,,,,,,,,,,,,1
476,Active,Police.Classic.30@50,,VPOA.1,Police,M,10.49,10.595,05/13/1978,98946.12,0,0,1,,,,,,,,,,,,,,,1
477,Active,Misc.Tier1.Classic.2@55,,VMO.1,Misc,M,11.29,11.35,10/04/1976,133032,0,0,1,,,,,,,,,,,,,,,1
478,Active,Fire.Classic.30@50,,VFA.2,Fire,M,24.96,25.296,05/05/1962,104526.12,0,0,1,,,,,,,,,,,,,,,1
479,Active,Misc.Tier1.Classic.2@55,,EL39.3,Misc,M,1.25,8.7,10/10/1975,69978.48,0,0,1,,,,,,,,,,,,,,,1
480,Active,Misc.Tier1.Classic.2@55,,VCEA.1,Misc,F,9.21,9.259,08/06/1964,68073.12,0,0,1,,,,,,,,,,,,,,,1
481,Active,Misc.Tier1.Classic.2@55,,VPOA.1,Misc,F,14,14,06/15/1981,83784.12,0,0,1,,,,,,,,,,,,,,,1
482,Active,Misc.Tier1.Classic.2@55,,EL39.3,Misc,M,15.62,29.28,08/01/1953,80823.96,0,0,1,,,,,,,,,,,,,,,1
483,Active,Misc.Tier1.Classic.2@55,,VCEA.2,Misc,M,1,8.538,02/22/1988,55468.44,0,0,1,,,,,,,,,,,,,,,1
484,Active,Misc.Tier1.PEPRA,,VCEA.2,Misc,M,0.91,7.221,12/21/1978,58242.24,0,0,1,,,,,,,,,,,,,,,1
485,Active,Misc.Tier1.PEPRA,,EL39.3,Misc,F,1.29,1.322,08/15/1974,62005.32,0,0,1,,,,,,,,,,,,,,,1
486,Active,Misc.Tier1.Classic.2@55,,VCEA.1,Misc,M,10.87,11,08/03/1958,80346.24,0,0,1,,,,,,,,,,,,,,,1
487,Active,Misc.Tier1.Classic.2@55,,VPOA.1,Misc,F,10.95,11,09/20/1983,76124.04,0,0,1,,,,,,,,,,,,,,,1
488,Active,Police.PEPRA.2@57,,VPOA.2,Police,M,0.33,4.083,09/06/1993,85511.52,0,0,1,,,,,,,,,,,,,,,1
489,Active,Fire.Classic.2@50,,VFA.2,Fire,M,4.51,4.609,11/07/1969,106659.24,0,0,1,,,,,,,,,,,,,,,1
490,Active,Police.PEPRA.2@57,,VPOA.2,Police,F,0.33,0.651,04/21/1988,71199.84,0,0,1,,,,,,,,,,,,,,,1
491,Active,Misc.Tier1.Classic.2@55,,VCEA.2,Misc,F,5.66,5.763,02/12/1956,61153.92,0,0,1,,,,,,,,,,,,,,,1
492,Active,Misc.Tier1.PEPRA,,EL39.3,Misc,M,0.37,0.35,05/28/1994,46029.12,0,0,1,,,,,,,,,,,,,,,1
493,Active,Fire.Classic.2@50,,VFA.2,Fire,M,4.51,4.609,05/07/1984,111992.16,0,0,1,,,,,,,,,,,,,,,1
494,Active,Misc.Tier1.PEPRA,,VCEA.2,Misc,M,0.79,0.85,03/15/1984,43100.52,0,0,1,,,,,,,,,,,,,,,1
495,Active,Misc.Tier1.PEPRA,,EL39.3,Misc,M,0.54,0.55,11/17/1987,69819.12,0,0,1,,,,,,,,,,,,,,,1
496,Active,Misc.Tier1.PEPRA,,VCEA.2,Misc,F,4.5,4.572,05/25/1986,61153.92,0,0,1,,,,,,,,,,,,,,,1
497,Active,Misc.Tier1.PEPRA,,EL39.3,Misc,F,1.21,3,01/15/1989,66646.2,0,0,1,,,,,,,,,,,,,,,1
498,Active,Misc.Tier1.PEPRA,,EL39.3,Misc,M,2.29,2.322,05/27/1991,64700.88,0,0,1,,,,,,,,,,,,,,,1
499,Active,Misc.Tier1.PEPRA,,VMO.2,Misc,F,1.62,1.75,06/22/1959,97530.84,0,0,1,,,,,,,,,,,,,,,1
500,Disabled,Police.Classic.30@50,,VPMA.1,Police,F,,,07/20/1958,,,,,,,ORM1,,,,1,,,,,,,,1
501,Disabled,Misc.Tier1.PEPRA,,VPOA.1,Misc,F,,,07/16/1956,,,,,,,ORM1,,,,1,,,,,,,,1
502,Disabled,Misc.Tier1.PEPRA,,VMO.1,Misc,F,,,04/26/1960,,,,,,,ORM1,,,,1,,,,,,,,1
503,Disabled,Misc.Tier1.PEPRA,,VMO.1,Misc,F,,,12/29/1967,,,,,,,ORM1,,,,1,,,,,,,,1
504,Disabled,Misc.Tier1.PEPRA,,EL39.3,Misc,M,,,06/29/1943,,,,,,,ORM1,,,,1,,,,,,,,1
505,Disabled,Misc.Tier1.PEPRA,,VCEA.1,Misc,M,,,11/15/1948,,,,,,,ORM2,,,,1,,,,,,,,1
506,Disabled,Misc.Tier1.PEPRA,,VCEA.5,Misc,F,,,01/06/1943,,,,,,,ORM2,,,,0,,,,,,,,0
507,Disabled,Misc.Tier1.PEPRA,,EL39.1,Misc,M,,,05/14/1956,,,,,,,ORM1,,,,1,,,,,,,,1
508,Disabled,Misc.Tier1.PEPRA,,EL39.1,Misc,M,,,01/07/1969,,,,,,,ORM2,,,,1,,,,,,,,1
509,Disabled,Misc.Tier1.PEPRA,,VCEA.1,Misc,F,,,09/05/1944,,,,,M,10/16/1943,ORM2,,,,1,,,,,,,,1
510,Disabled,Misc.Tier1.PEPRA,,VPOA.1,Misc,F,,,01/25/1960,,,,,,,ORM1,,,,1,,,,,,,,1
511,Disabled,Misc.Tier1.PEPRA,,EL39.1,Misc,M,,,01/26/1966,,,,,F,04/01/1966,ORM2,,,,1,,,,,,,,1
512,Disabled,Misc.Tier1.PEPRA,,EL39.1,Misc,F,,,08/10/1957,,,,,,,ORM1,,,,1,,,,,,,,1
513,Disabled,Misc.Tier1.PEPRA,,VCEA.1,Misc,F,,,11/18/1957,,,,,M,11/15/1956,ORM2,,,,1,,,,,,,,1
514,Disabled,Misc.Tier1.PEPRA,,EL39.4,Misc,M,,,12/03/1952,,,,,,,ORM2,,0,,1,,,,,,,,0.5
515,Disabled,Misc.Tier1.PEPRA,,VCEA.1,Misc,F,,,11/11/1975,,,,,M,04/25/1975,ORM2,,,,1,,,,,,,,1
516,Disabled,Misc.Tier1.PEPRA,,VPOA.4,Misc,F,,,06/05/1964,,,,,,,ORM2,,5,,1,,,,,,,,0.5
517,Disabled,Misc.Tier1.PEPRA,,EL39.5,Misc,F,,,08/26/1950,,,,,,,ORM2,,,,0,,,,,,,,0
518,Disabled,Misc.Tier1.PEPRA,,VCEA.1,Misc,F,,,05/08/1949,,,,,,,ORM1,,,,1,,,,,,,,1
519,Disabled,Misc.Tier1.PEPRA,,VPOA.1,Misc,F,,,09/06/1962,,,,,,,ORM1,,,,1,,,,,,,,1
520,Disabled,Misc.Tier1.PEPRA,,EL39.2,Misc,M,,,08/01/1967,,,,,F,11/14/1959,ORM2,,,,1,,,,,,,,1
521,Disabled,Misc.Tier1.PEPRA,,EL39.1,Misc,M,,,04/22/1946,,,,,F,05/12/1941,ORM2,,,,1,,,,,,,,1
522,Disabled,Misc.Tier1.PEPRA,,AMG.1,Misc,F,,,12/14/1964,,,,,,,ORM1,,,,1,,,,,,,,1
523,Retired,Misc.Tier1.PEPRA,,VCEA.4,Misc,F,,,09/11/1957,,,,,,,ORM2,,0,,1,,,,,,,,0.5
524,Retired,Police.Classic.30@50,,VPMA.2,Police,M,,,03/04/1957,,,,,,,ORM2,,,,1,,,,,,,,1
525,Retired,Misc.Tier1.PEPRA,,DH.1,Misc,M,,,06/29/1949,,,,,,,ORM2,,,,1,,,,,,,,1
526,Retired,Misc.Tier1.PEPRA,,DH.2,Misc,M,,,09/30/1954,,,,,,,ORM2,,,,1,,,,,,,,1
527,Retired,Misc.Tier1.PEPRA,,VCEA.1,Misc,F,,,07/20/1944,,,,,,,ORM2,,,,1,,,,,,,,1
528,Retired,Misc.Tier1.PEPRA,,VMO.2,Misc,M,,,03/08/1954,,,,,,,ORM2,,,,1,,,,,,,,1
529,Retired,Misc.Tier1.PEPRA,,VPOA.2,Misc,F,,,08/19/1961,,,,,,,ORM1,,,,1,,,,,,,,1
530,Retired,Police.Classic.30@50,,VPMA.2,Police,M,,,01/22/1964,,,,,,,ORM2,,,,1,,,,,,,,1
531,Retired,Misc.Tier1.PEPRA,,VCEA.2,Misc,F,,,07/21/1957,,,,,,,ORM2,,,,0.9,,,,,,,,1
532,Retired,Misc.Tier1.PEPRA,,DH.1,Misc,M,,,08/07/1949,,,,,,,ORM1,,,,1,,,,,,,,1
533,Retired,Misc.Tier1.PEPRA,,VMO.2,Misc,F,,,05/30/1954,,,,,,,ORM2,,,,1,,,,,,,,1
534,Retired,Fire.Classic.30@50,,VFA.1,Fire,M,,,03/23/1947,,,,,,,ORM2,,,,1,,,,,,,,1
535,Retired,Misc.Tier1.PEPRA,,VMO.2,Misc,F,,,11/26/1953,,,,,,,ORM2,,,,1,,,,,,,,1
536,Retired,Misc.Tier1.PEPRA,,VCEA.2,Misc,F,,,12/29/1955,,,,,,,ORM1,,,,1,,,,,,,,1
537,Retired,Misc.Tier1.PEPRA,,VMO.1,Misc,F,,,06/09/1954,,,,,,,ORM2,,,,1,,,,,,,,1
538,Retired,Misc.Tier1.PEPRA,,VCEA.5,Misc,F,,,10/17/1950,,,,,,,ORM2,,,,0,,,,,,,,0
539,Retired,Misc.Tier1.PEPRA,,VMO.1,Misc,F,,,12/01/1948,,,,,,,ORM1,,,,1,,,,,,,,1
540,Retired,Police.Classic.30@50,,VPOA.1,Police,M,,,12/26/1942,,,,,,,ORM1,,,,1,,,,,,,,1
541,Retired,Police.Classic.30@50,,VPOA.4,Police,M,,,07/20/1954,,,,,,,ORM2,,0,,1,,,,,,,,0.5
542,Retired,Misc.Tier1.PEPRA,,EL39.1,Misc,M,,,04/16/1939,,,,,,,ORM1,,,,1,,,,,,,,1
543,Retired,Misc.Tier1.PEPRA,,EL39.1,Misc,M,,,07/15/1955,,,,,,,ORM1,,,,1,,,,,,,,1
544,Retired,Police.Classic.30@50,,VPOA.2,Police,M,,,09/29/1956,,,,,,,ORM2,,,,1,,,,,,,,1
545,Retired,Misc.Tier1.PEPRA,,VMO.2,Misc,M,,,05/26/1955,,,,,,,ORM1,,,,0.9,,,,,,,,1
546,Retired,Misc.Tier1.PEPRA,,VCEA.1,Misc,M,,,01/18/1944,,,,,,,ORM2,,,,1,,,,,,,,1
547,Retired,Misc.Tier1.PEPRA,,VMO.2,Misc,M,,,12/09/1958,,,,,,,ORM2,,,,1,,,,,,,,1
548,Retired,Misc.Tier1.PEPRA,,VCEA.1,Misc,F,,,08/04/1955,,,,,,,ORM2,,,,1,,,,,,,,1
549,Retired,Fire.Classic.30@50,,VFA.2,Fire,M,,,01/09/1962,,,,,,,ORM2,,,,1,,,,,,,,1
550,Retired,Misc.Tier1.PEPRA,,VMO.1,Misc,M,,,11/20/1941,,,,,,,ORM1,,,,1,,,,,,,,1
551,Retired,Misc.Tier1.PEPRA,,VMO.1,Misc,M,,,08/08/1941,,,,,,,ORM1,,,,1,,,,,,,,1
552,Retired,Misc.Tier1.PEPRA,,VMO.2,Misc,F,,,02/05/1954,,,,,,,ORM2,,,,1,,,,,,,,1
553,Retired,Fire.Classic.30@50,,VFA.1,Fire,M,,,10/09/1947,,,,,,,ORM2,,,,1,,,,,,,,1
554,Retired,Police.Classic.30@50,,VPMA.2,Police,M,,,03/26/1957,,,,,,,ORM2,,,,1,,,,,,,,1
555,Retired,Misc.Tier1.PEPRA,,EL39.1,Misc,F,,,01/31/1950,,,,,,,ORM1,,,,1,,,,,,,,1
556,Retired,Fire.Classic.30@50,,DH.1,Fire,M,,,09/20/1945,,,,,,,ORM2,,,,1,,,,,,,,1
557,Retired,Misc.Tier1.PEPRA,,VCEA.1,Misc,F,,,04/21/1950,,,,,,,ORM2,,,,1,,,,,,,,1
558,Retired,Misc.Tier1.PEPRA,,EL39.3,Misc,M,,,04/01/1931,,,,,,,ORM1,,,,1,,,,,,,,1
559,Retired,Police.Classic.30@50,,VPOA.2,Police,M,,,01/20/1967,,,,,,,ORM2,,,,1,,,,,,,,1
560,Retired,Misc.Tier1.PEPRA,,VCEA.4,Misc,F,,,03/13/1959,,,,,,,ORM2,,0,,1,,,,,,,,0.5
561,Retired,Misc.Tier1.PEPRA,,EL39.2,Misc,M,,,05/28/1963,,,,,,,ORM2,,,,1,,,,,,,,1
562,Retired,Fire.Classic.30@50,,FMG.2,Fire,M,,,02/22/1966,,,,,,,ORM2,,,,1,,,,,,,,1
563,Retired,Misc.Tier1.PEPRA,,VMO.1,Misc,M,,,11/21/1936,,,,,,,ORM2,,,,1,,,,,,,,1
564,Retired,Misc.Tier1.PEPRA,,AMG.2,Misc,M,,,05/30/1959,,,,,,,ORM1,,,,0.8,,,,,,,,1
565,Retired,Misc.Tier1.PEPRA,,EL39.2,Misc,F,,,08/18/1955,,,,,,,ORM2,,,,1,,,,,,,,1
566,Retired,Misc.Tier1.PEPRA,,VCEA.2,Misc,F,,,04/01/1956,,,,,,,ORM1,,,,1,,,,,,,,1
567,Retired,Misc.Tier1.PEPRA,,EL39.3,Misc,M,,,12/07/1933,,,,,,,ORM1,,,,1,,,,,,,,1
568,Retired,Misc.Tier1.PEPRA,,EL39.1,Misc,M,,,06/07/1943,,,,,,,ORM2,,,,1,,,,,,,,1
569,Retired,Misc.Tier1.PEPRA,,VCEA.1,Misc,F,,,12/13/1950,,,,,,,ORM2,,,,1,,,,,,,,1
570,Retired,Misc.Tier1.PEPRA,,VCEA.1,Misc,F,,,02/26/1950,,,,,,,ORM1,,,,1,,,,,,,,1
571,Retired,Misc.Tier1.PEPRA,,VMO.1,Misc,F,,,07/27/1961,,,,,,,ORM2,,,,1,,,,,,,,1
572,Retired,Misc.Tier1.PEPRA,,VCEA.1,Misc,F,,,08/23/1937,,,,,,,ORM2,,,,1,,,,,,,,1
573,Retired,Misc.Tier1.PEPRA,,VMO.1,Misc,M,,,01/04/1950,,,,,,,ORM1,,,,1,,,,,,,,1
574,Retired,Misc.Tier1.PEPRA,,EL39.2,Misc,M,,,03/03/1957,,,,,,,ORM1,,,,1,,,,,,,,1
575,Retired,Misc.Tier1.PEPRA,,VMO.1,Misc,M,,,05/05/1960,,,,,,,ORM2,,,,1,,,,,,,,1
576,Retired,Misc.Tier1.PEPRA,,VMO.1,Misc,M,,,11/04/1952,,,,,,,ORM1,,,,1,,,,,,,,1
577,Retired,Misc.Tier1.PEPRA,,VMO.1,Misc,F,,,09/25/1940,,,,,,,ORM1,,,,1,,,,,,,,1
578,Retired,Fire.Classic.30@50,,VFA.1,Fire,M,,,01/19/1958,,,,,,,ORM2,,,,1,,,,,,,,1
579,Retired,Misc.Tier1.PEPRA,,VMO.1,Misc,F,,,07/13/1946,,,,,,,ORM1,,,,1,,,,,,,,1
580,Retired,Misc.Tier1.PEPRA,,DH.1,Misc,F,,,06/22/1951,,,,,,,ORM2,,,,1,,,,,,,,1
581,Retired,Misc.Tier1.PEPRA,,VMO.1,Misc,F,,,10/04/1953,,,,,,,ORM2,,,,1,,,,,,,,1
582,Retired,Misc.Tier1.PEPRA,,VCEA.1,Misc,F,,,03/19/1937,,,,,,,ORM1,,,,1,,,,,,,,1
583,Retired,Fire.Classic.30@50,,VFA.1,Fire,M,,,07/14/1943,,,,,,,ORM2,,,,1,,,,,,,,1
584,Retired,Misc.Tier1.PEPRA,,EL39.1,Misc,M,,,11/14/1952,,,,,,,ORM2,,,,1,,,,,,,,1
585,Retired,Misc.Tier1.PEPRA,,EL39.5,Misc,M,,,02/17/1939,,,,,,,ORM2,,,,1,,,,,,,,0
586,Retired,Misc.Tier1.PEPRA,,AMG.1,Misc,F,,,12/28/1930,,,,,,,ORM1,,,,1,,,,,,,,1
587,Retired,Misc.Tier1.PEPRA,,EL39.1,Misc,M,,,09/19/1937,,,,,,,ORM2,,,,1,,,,,,,,1
588,Retired,Misc.Tier1.PEPRA,,VCEA.1,Misc,F,,,09/06/1949,,,,,,,ORM1,,,,1,,,,,,,,1
589,Retired,Misc.Tier1.PEPRA,,VMO.1,Misc,F,,,05/01/1934,,,,,,,ORM1,,,,1,,,,,,,,1
590,Retired,Fire.Classic.30@50,,VFA.1,Fire,M,,,01/03/1963,,,,,,,ORM1,,,,1,,,,,,,,1
591,Retired,Police.Classic.30@50,,VPOA.2,Police,M,,,06/10/1957,,,,,,,ORM2,,,,1,,,,,,,,1
592,Retired,Misc.Tier1.PEPRA,,EL39.5,Misc,M,,,02/10/1950,,,,,,,ORM2,,,,1,,,,,,,,0
593,Retired,Fire.Classic.30@50,,VFA.2,Fire,M,,,11/22/1960,,,,,,,ORM2,,,,1,,,,,,,,1
594,Retired,Misc.Tier1.PEPRA,,VMO.1,Misc,M,,,03/04/1947,,,,,,,ORM2,,,,1,,,,,,,,1
595,Retired,Misc.Tier1.PEPRA,,VCEA.1,Misc,F,,,08/04/1955,,,,,,,ORM2,,,,1,,,,,,,,1
596,Retired,Police.Classic.30@50,,VPMA.2,Police,M,,,03/17/1956,,,,,,,ORM2,,,,1,,,,,,,,1
597,Retired,Misc.Tier1.PEPRA,,EL39.2,Misc,M,,,06/11/1958,,,,,,,ORM2,,,,1,,,,,,,,1
598,Retired,Misc.Tier1.PEPRA,,VCEA.1,Misc,F,,,12/25/1953,,,,,,,ORM1,,,,1,,,,,,,,1
599,Retired,Misc.Tier1.PEPRA,,VMO.2,Misc,M,,,02/06/1957,,,,,,,ORM1,,,,0.85,,,,,,,,1
600,Retired,Misc.Tier1.PEPRA,,VMO.1,Misc,M,,,11/21/1933,,,,,,,ORM1,,,,1,,,,,,,,1
601,Retired,Misc.Tier1.PEPRA,,VMO.1,Misc,F,,,07/28/1952,,,,,,,ORM2,,,,1,,,,,,,,1
602,Retired,Misc.Tier1.PEPRA,,AMG.2,Misc,F,,,07/13/1954,,,,,,,ORM2,,,,1,,,,,,,,1
603,Retired,Police.Classic.30@50,,VPMA.2,Police,M,,,02/24/1960,,,,,,,ORM1,,,,1,,,,,,,,1
604,Retired,Misc.Tier1.PEPRA,,EL39.3,Misc,M,,,06/24/1943,,,,,,,ORM2,,,,1,,,,,,,,1
605,Retired,Misc.Tier1.PEPRA,,EL39.2,Misc,M,,,12/31/1961,,,,,,,ORM1,,,,1,,,,,,,,1
606,Retired,Misc.Tier1.PEPRA,,VMO.2,Misc,F,,,12/07/1957,,,,,,,ORM2,,,,1,,,,,,,,1
607,Retired,Misc.Tier1.PEPRA,,EL39.2,Misc,M,,,04/05/1962,,,,,,,ORM2,,,,1,,,,,,,,1
608,Retired,Misc.Tier1.PEPRA,,VPOA.1,Misc,F,,,11/24/1939,,,,,,,ORM1,,,,1,,,,,,,,1
609,Retired,Misc.Tier1.PEPRA,,EL39.1,Misc,M,,,07/15/1946,,,,,,,ORM2,,,,1,,,,,,,,1
610,Retired,Misc.Tier1.PEPRA,,VPOA.1,Misc,F,,,07/24/1948,,,,,,,ORM1,,,,1,,,,,,,,1
611,Retired,Misc.Tier1.PEPRA,,VCEA.5,Misc,M,,,03/05/1941,,,,,,,ORM2,,,,0,,,,,,,,0
612,Retired,Misc.Tier1.PEPRA,,VCEA.1,Misc,M,,,07/01/1946,,,,,,,ORM2,,,,1,,,,,,,,1
613,Retired,Police.Classic.30@50,,VPOA.1,Police,M,,,01/29/1953,,,,,,,ORM2,,,,1,,,,,,,,1
614,Retired,Misc.Tier1.PEPRA,,VCEA.2,Misc,F,,,07/26/1960,,,,,,,ORM1,,,,1,,,,,,,,1
615,Retired,Misc.Tier1.PEPRA,,EL39.3,Misc,M,,,10/28/1936,,,,,,,ORM1,,,,1,,,,,,,,1
616,Retired,Misc.Tier1.PEPRA,,EL39.1,Misc,F,,,06/03/1931,,,,,,,ORM1,,,,1,,,,,,,,1
617,Retired,Misc.Tier1.PEPRA,,VCEA.1,Misc,F,,,12/13/1951,,,,,,,ORM1,,,,1,,,,,,,,1
618,Retired,Misc.Tier1.PEPRA,,VCEA.2,Misc,F,,,12/23/1963,,,,,,,ORM2,,,,1,,,,,,,,1
619,Retired,Misc.Tier1.PEPRA,,VCEA.1,Misc,F,,,08/03/1956,,,,,,,ORM2,,,,1,,,,,,,,1
620,Retired,Police.Classic.30@50,,VPMA.4,Police,M,,,07/25/1964,,,,,,,ORM2,,5,,1,,,,,,,,0.5
621,Retired,Misc.Tier1.PEPRA,,EL39.1,Misc,M,,,07/24/1952,,,,,,,ORM1,,,,1,,,,,,,,1
622,Retired,Fire.Classic.30@50,,FMG.2,Fire,M,,,06/01/1961,,,,,,,ORM2,,,,1,,,,,,,,1
623,Retired,Police.Classic.30@50,,VPMA.1,Police,M,,,04/23/1958,,,,,,,ORM2,,,,1,,,,,,,,1
624,Retired,Misc.Tier1.PEPRA,,EL39.1,Misc,M,,,06/08/1951,,,,,,,ORM2,,,,1,,,,,,,,1
625,Retired,Misc.Tier1.PEPRA,,VCEA.4,Misc,F,,,01/16/1960,,,,,,,ORM2,,1,,1,,,,,,,,0.5
626,Retired,Misc.Tier1.PEPRA,,VCEA.2,Misc,F,,,05/11/1950,,,,,,,ORM2,,,,1,,,,,,,,1
627,Retired,Misc.Tier1.PEPRA,,VMO.1,Misc,M,,,09/15/1949,,,,,,,ORM2,,,,1,,,,,,,,1
628,Retired,Misc.Tier1.PEPRA,,VMO.2,Misc,F,,,03/01/1953,,,,,,,ORM1,,,,1,,,,,,,,1
629,Retired,Misc.Tier1.PEPRA,,EL39.5,Misc,M,,,10/02/1936,,,,,,,ORM2,,,,0,,,,,,,,0
630,Retired,Misc.Tier1.PEPRA,,VCEA.1,Misc,M,,,04/27/1949,,,,,,,ORM2,,,,1,,,,,,,,1
631,Retired,Police.Classic.30@50,,VPMA.2,Police,M,,,08/06/1959,,,,,,,ORM2,,,,1,,,,,,,,1
632,Retired,Misc.Tier1.PEPRA,,EL39.3,Misc,M,,,08/15/1952,,,,,,,ORM2,,,,1,,,,,,,,1
633,Retired,Misc.Tier1.PEPRA,,VMO.1,Misc,F,,,07/02/1942,,,,,,,ORM2,,,,1,,,,,,,,1
634,Retired,Misc.Tier1.PEPRA,,EL39.1,Misc,M,,,01/16/1951,,,,,,,ORM2,,,,1,,,,,,,,1
635,Retired,Misc.Tier1.PEPRA,,VMO.1,Misc,F,,,07/18/1949,,,,,,,ORM1,,,,1,,,,,,,,1
636,Retired,Misc.Tier1.PEPRA,,EL39.5,Misc,M,,,04/14/1943,,,,,,,ORM2,,,,0,,,,,,,,0
637,Retired,Misc.Tier1.PEPRA,,VMO.1,Misc,F,,,03/22/1958,,,,,,,ORM2,,,,1,,,,,,,,1
638,Retired,Misc.Tier1.PEPRA,,EL39.1,Misc,M,,,03/31/1944,,,,,,,ORM2,,,,1,,,,,,,,1
639,Retired,Fire.Classic.30@50,,VFA.2,Fire,M,,,07/25/1963,,,,,,,ORM2,,,,0.75,,,,,,,,1
640,Retired,Misc.Tier1.PEPRA,,VCEA.2,Misc,F,,,08/25/1958,,,,,,,ORM2,,,,1,,,,,,,,1
641,Retired,Misc.Tier1.PEPRA,,VCEA.1,Misc,F,,,11/26/1949,,,,,,,ORM1,,,,1,,,,,,,,1
642,Retired,Misc.Tier1.PEPRA,,VMO.1,Misc,M,,,10/21/1949,,,,,,,ORM2,,,,1,,,,,,,,1
643,Retired,Misc.Tier1.PEPRA,,VMO.4,Misc,F,,,10/31/1953,,,,,,,ORM2,,0,,1,,,,,,,,0.5
644,Retired,Misc.Tier1.PEPRA,,VMO.1,Misc,M,,,09/24/1937,,,,,,,ORM2,,,,1,,,,,,,,1
645,Retired,Misc.Tier1.PEPRA,,VMO.1,Misc,F,,,03/31/1948,,,,,,,ORM1,,,,1,,,,,,,,1
646,Retired,Misc.Tier1.PEPRA,,VMO.1,Misc,M,,,09/03/1943,,,,,,,ORM2,,,,1,,,,,,,,1
647,Retired,Misc.Tier1.PEPRA,,VMO.1,Misc,F,,,07/14/1934,,,,,,,ORM1,,,,1,,,,,,,,1
648,Retired,Misc.Tier1.PEPRA,,VMO.1,Misc,M,,,03/07/1952,,,,,,,ORM2,,,,1,,,,,,,,1
649,Retired,Misc.Tier1.PEPRA,,VCEA.1,Misc,M,,,12/25/1941,,,,,,,ORM1,,,,1,,,,,,,,1
650,Retired,Misc.Tier1.PEPRA,,VCEA.1,Misc,F,,,02/06/1950,,,,,,,ORM2,,,,1,,,,,,,,1
651,Retired,Misc.Tier1.PEPRA,,VMO.1,Misc,M,,,06/01/1959,,,,,,,ORM2,,,,1,,,,,,,,1
652,Retired,Misc.Tier1.PEPRA,,VMO.1,Misc,F,,,12/12/1951,,,,,,,ORM2,,,,1,,,,,,,,1
653,Retired,Misc.Tier1.PEPRA,,VMO.2,Misc,F,,,08/04/1958,,,,,,,ORM2,,,,1,,,,,,,,1
654,Retired,Misc.Tier1.PEPRA,,VCEA.5,Misc,M,,,05/28/1945,,,,,,,ORM2,,,,0,,,,,,,,0
655,Retired,Misc.Tier1.PEPRA,,VMO.1,Misc,M,,,02/01/1956,,,,,,,ORM2,,,,1,,,,,,,,1
656,Retired,Fire.Classic.30@50,,FMG.2,Fire,M,,,03/27/1955,,,,,,,ORM1,,,,1,,,,,,,,1
657,Retired,Police.Classic.30@50,,VPMA.1,Police,M,,,12/07/1933,,,,,,,ORM2,,,,1,,,,,,,,1
658,Retired,Misc.Tier1.PEPRA,,VCEA.2,Misc,F,,,06/13/1956,,,,,,,ORM2,,,,1,,,,,,,,1
659,Retired,Fire.Classic.30@50,,VFA.1,Fire,M,,,07/27/1944,,,,,,,ORM2,,,,1,,,,,,,,1
660,Retired,Misc.Tier1.PEPRA,,EL39.1,Misc,F,,,03/22/1949,,,,,,,ORM1,,,,1,,,,,,,,1
661,Retired,Misc.Tier1.PEPRA,,VMO.1,Misc,M,,,04/21/1950,,,,,,,ORM2,,,,1,,,,,,,,1
662,Retired,Misc.Tier1.PEPRA,,VMO.1,Misc,M,,,08/29/1954,,,,,,,ORM2,,,,1,,,,,,,,1
663,Retired,Misc.Tier1.PEPRA,,DH.1,Misc,M,,,05/20/1951,,,,,,,ORM2,,,,1,,,,,,,,1
664,Retired,Misc.Tier1.PEPRA,,VCEA.4,Misc,F,,,09/23/1957,,,,,,,ORM2,,0,,1,,,,,,,,0.5
665,Retired,Misc.Tier1.PEPRA,,VMO.1,Misc,M,,,01/09/1948,,,,,,,ORM2,,,,1,,,,,,,,1
666,Retired,Misc.Tier1.PEPRA,,EL39.3,Misc,F,,,10/05/1929,,,,,,,ORM1,,,,1,,,,,,,,1
667,Retired,Misc.Tier1.PEPRA,,EL39.1,Misc,M,,,09/18/1951,,,,,,,ORM2,,,,1,,,,,,,,1
668,Retired,Misc.Tier1.PEPRA,,VMO.1,Misc,F,,,07/09/1940,,,,,,,ORM1,,,,1,,,,,,,,1
669,Retired,Misc.Tier1.PEPRA,,VCEA.1,Misc,F,,,06/04/1959,,,,,,,ORM2,,,,1,,,,,,,,1
670,Retired,Misc.Tier1.PEPRA,,VMO.1,Misc,F,,,04/18/1941,,,,,,,ORM1,,,,1,,,,,,,,1
671,Retired,Misc.Tier1.PEPRA,,VCEA.1,Misc,M,,,08/14/1948,,,,,,,ORM2,,,,1,,,,,,,,1
672,Retired,Misc.Tier1.PEPRA,,VCEA.1,Misc,M,,,01/22/1934,,,,,,,ORM2,,,,1,,,,,,,,1
673,Retired,Misc.Tier1.PEPRA,,CC.1,Misc,M,,,02/09/1935,,,,,,,ORM2,,,,1,,,,,,,,1
674,Retired,Misc.Tier1.PEPRA,,VCEA.1,Misc,F,,,12/23/1948,,,,,,,ORM1,,,,1,,,,,,,,1
675,Retired,Police.Classic.30@50,,VPMA.1,Police,M,,,11/27/1949,,,,,,,ORM2,,,,1,,,,,,,,1
676,Retired,Misc.Tier1.PEPRA,,VCEA.1,Misc,F,,,08/31/1944,,,,,,,ORM2,,,,1,,,,,,,,1
677,Retired,Misc.Tier1.PEPRA,,EL39.1,Misc,F,,,10/07/1933,,,,,,,ORM1,,,,1,,,,,,,,1
678,Retired,Misc.Tier1.PEPRA,,VCEA.2,Misc,F,,,10/02/1948,,,,,,,ORM2,,,,1,,,,,,,,1
679,Retired,Misc.Tier1.PEPRA,,VMO.1,Misc,M,,,04/30/1946,,,,,,,ORM2,,,,1,,,,,,,,1
680,Retired,Police.Classic.30@50,,VPOA.2,Police,M,,,08/09/1960,,,,,,,ORM2,,,,1,,,,,,,,1
681,Retired,Misc.Tier1.PEPRA,,EL39.4,Misc,M,,,01/24/1956,,,,,,,ORM2,,0,,1,,,,,,,,0.5
682,Retired,Misc.Tier1.PEPRA,,VCEA.2,Misc,M,,,06/22/1952,,,,,,,ORM1,,,,1,,,,,,,,1
683,Retired,Police.Classic.30@50,,VPOA.2,Police,M,,,10/30/1954,,,,,,,ORM2,,,,1,,,,,,,,1
684,Retired,Misc.Tier1.PEPRA,,VMO.1,Misc,M,,,12/07/1935,,,,,,,ORM2,,,,1,,,,,,,,1
685,Retired,Misc.Tier1.PEPRA,,VCEA.1,Misc,F,,,09/18/1945,,,,,,,ORM1,,,,1,,,,,,,,1
686,Retired,Misc.Tier1.PEPRA,,VCEA.1,Misc,M,,,08/21/1939,,,,,,,ORM2,,,,1,,,,,,,,1
687,Retired,Misc.Tier1.PEPRA,,EL39.2,Misc,M,,,05/18/1954,,,,,,,ORM2,,,,1,,,,,,,,1
688,Retired,Misc.Tier1.PEPRA,,VCEA.1,Misc,F,,,04/13/1945,,,,,,,ORM2,,,,1,,,,,,,,1
689,Retired,Misc.Tier1.PEPRA,,DH.1,Misc,M,,,11/30/1943,,,,,,,ORM2,,,,1,,,,,,,,1
690,Retired,Police.Classic.30@50,,VPMA.2,Police,M,,,08/22/1964,,,,,,,ORM2,,,,1,,,,,,,,1
691,Retired,Fire.Classic.30@50,,VFA.4,Fire,M,,,12/17/1957,,,,,,,ORM2,,0,,1,,,,,,,,0.5
692,Retired,Fire.Classic.30@50,,VFA.2,Fire,M,,,11/24/1957,,,,,,,ORM2,,,,1,,,,,,,,1
693,Retired,Misc.Tier1.PEPRA,,VCEA.5,Misc,F,,,02/05/1947,,,,,,,ORM2,,,,0,,,,,,,,0
694,Retired,Misc.Tier1.PEPRA,,VMO.2,Misc,M,,,09/29/1955,,,,,,,ORM2,,,,1,,,,,,,,1
695,Retired,Misc.Tier1.PEPRA,,VMO.1,Misc,M,,,09/01/1931,,,,,,,ORM1,,,,1,,,,,,,,1
696,Retired,Fire.Classic.30@50,,FMG.1,Fire,M,,,09/14/1957,,,,,F,02/01/1959,ORM2,,,,1,,,,,,,,1
697,Retired,Misc.Tier1.PEPRA,,VCEA.4,Misc,F,,,05/20/1963,,,,,,,ORM2,,4,,1,,,,,,,,0.5
698,Retired,Misc.Tier1.PEPRA,,EL39.1,Misc,M,,,12/12/1958,,,,,F,04/22/1967,ORM2,,,,1,,,,,,,,1
699,Retired,Misc.Tier1.PEPRA,,DH.1,Misc,M,,,09/30/1940,,,,,F,10/11/1959,ORM2,,,,1,,,,,,,,1
700,Retired,Fire.Classic.30@50,,DH.1,Fire,M,,,01/11/1953,,,,,F,11/04/1958,ORM2,,,,1,,,,,,,,1
701,Retired,Misc.Tier1.PEPRA,,DH.1,Misc,M,,,01/24/1948,,,,,F,11/14/1954,ORM2,,,,1,,,,,,,,1
702,Retired,Fire.Classic.30@50,,VFA.4,Fire,M,,,10/24/1958,,,,,,,ORM2,,0,,1,,,,,,,,0.5
703,Retired,Misc.Tier1.PEPRA,,VMO.1,Misc,M,,,11/03/1949,,,,,F,04/08/1952,ORM2,,,,1,,,,,,,,1
704,Retired,Fire.Classic.30@50,,VFA.4,Fire,M,,,04/19/1961,,,,,,,ORM2,,2,,1,,,,,,,,0.5
705,Retired,Misc.Tier1.PEPRA,,VPOA.1,Misc,F,,,05/04/1942,,,,,,,ORM1,,,,1,,,,,,,,1
706,Retired,Misc.Tier1.PEPRA,,DH.1,Misc,F,,,04/03/1953,,,,,,,ORM1,,,,1,,,,,,,,1
707,Retired,Misc.Tier1.PEPRA,,VMO.2,Misc,M,,,05/27/1951,,,,,,,ORM1,,,,1,,,,,,,,1
708,Retired,Misc.Tier1.PEPRA,,VMO.1,Misc,M,,,11/25/1940,,,,,F,01/28/1943,ORM2,,,,1,,,,,,,,1
709,Retired,Police.Classic.30@50,,VPOA.5,Police,M,,,05/14/1949,,,,,,,ORM2,,,,1,,,,,,,,0
710,Retired,Misc.Tier1.PEPRA,,VMO.1,Misc,M,,,03/06/1940,,,,,,,ORM1,,,,1,,,,,,,,1
711,Retired,Misc.Tier1.PEPRA,,DH.2,Misc,M,,,07/06/1953,,,,,F,01/15/1957,ORM2,,,,1,,,,,,,,1
712,Retired,Misc.Tier1.PEPRA,,DH.1,Misc,M,,,10/15/1946,,,,,F,11/10/1948,ORM2,,,,1,,,,,,,,1
713,Retired,Misc.Tier1.PEPRA,,VMO.2,Misc,M,,,12/05/1953,,,,,F,04/06/1956,ORM2,,,,1,,,,,,,,1
714,Retired,Misc.Tier1.PEPRA,,VCEA.1,Misc,F,,,08/28/1939,,,,,,,ORM1,,,,1,,,,,,,,1
715,Retired,Misc.Tier1.PEPRA,,EL39.1,Misc,M,,,10/29/1955,,,,,F,11/11/1956,ORM2,,,,1,,,,,,,,1
716,Retired,Misc.Tier1.PEPRA,,VMO.2,Misc,M,,,08/15/1953,,,,,,,ORM2,,,,1,,,,,,,,1
717,Retired,Misc.Tier1.PEPRA,,AMG.1,Misc,M,,,08/04/1938,,,,,F,11/11/1947,ORM2,,,,1,,,,,,,,1
718,Retired,Misc.Tier1.PEPRA,,EL39.3,Misc,M,,,03/15/1951,,,,,,,ORM2,,,,1,,,,,,,,1
719,Retired,Police.Classic.30@50,,VPOA.2,Police,M,,,06/16/1964,,,,,,,ORM2,,,,1,,,,,,,,1
720,Retired,Fire.Classic.30@50,,VFA.1,Fire,M,,,09/06/1948,,,,,F,12/12/1948,ORM2,,,,1,,,,,,,,1
721,Retired,Misc.Tier1.PEPRA,,EL39.3,Misc,M,,,05/01/1931,,,,,,,ORM2,,,,1,,,,,,,,1
722,Retired,Fire.Classic.30@50,,VFA.1,Fire,M,,,04/02/1948,,,,,F,08/03/1950,ORM2,,,,1,,,,,,,,1
723,Retired,Misc.Tier1.PEPRA,,VCEA.5,Misc,M,,,06/02/1951,,,,,,,ORM2,,,,1,,,,,,,,0
724,Retired,Misc.Tier1.PEPRA,,VCEA.1,Misc,M,,,10/22/1962,,,,,F,04/10/1959,ORM2,,,,1,,,,,,,,1
725,Retired,Misc.Tier1.PEPRA,,VCEA.1,Misc,F,,,06/19/1946,,,,,M,09/15/1943,ORM2,,,,1,,,,,,,,1
726,Retired,Misc.Tier1.PEPRA,,VCEA.1,Misc,F,,,11/02/1944,,,,,,,ORM1,,,,1,,,,,,,,1
727,Retired,Misc.Tier1.PEPRA,,VMO.1,Misc,F,,,07/31/1949,,,,,,,ORM1,,,,1,,,,,,,,1
728,Retired,Misc.Tier1.PEPRA,,EL39.1,Misc,M,,,08/19/1943,,,,,F,03/31/1943,ORM2,,,,1,,,,,,,,1
729,Retired,Misc.Tier1.PEPRA,,VCEA.1,Misc,M,,,06/27/1953,,,,,F,12/21/1968,ORM2,,,,1,,,,,,,,1
730,Retired,Fire.Classic.30@50,,FMG.2,Fire,M,,,06/13/1952,,,,,F,04/06/1954,ORM2,,,,1,,,,,,,,1
731,Retired,Misc.Tier1.PEPRA,,VCEA.4,Misc,F,,,10/05/1961,,,,,,,ORM2,,2,,1,,,,,,,,0.5
732,Retired,Misc.Tier1.PEPRA,,VCEA.1,Misc,F,,,03/03/1943,,,,,,,ORM1,,,,1,,,,,,,,1
733,Retired,Misc.Tier1.PEPRA,,VCEA.1,Misc,M,,,06/14/1949,,,,,,,ORM1,,,,1,,,,,,,,1
734,Retired,Fire.Classic.30@50,,VFA.2,Fire,M,,,06/23/1958,,,,,,,ORM1,,,,1,,,,,,,,1
735,Retired,Misc.Tier1.PEPRA,,VMO.1,Misc,F,,,02/23/1947,,,,,,,ORM1,,,,1,,,,,,,,1
736,Retired,Fire.Classic.30@50,,VFA.2,Fire,M,,,09/15/1959,,,,,F,05/22/1959,ORM2,,,,1,,,,,,,,1
737,Retired,Misc.Tier1.PEPRA,,DH.1,Misc,F,,,09/01/1961,,,,,,,ORM2,,,,1,,,,,,,,1
738,Retired,Misc.Tier1.PEPRA,,VMO.1,Misc,F,,,06/01/1960,,,,,M,12/17/1959,ORM2,,,,1,,,,,,,,1
739,Retired,Misc.Tier1.PEPRA,,FMG.2,Misc,M,,,08/18/1963,,,,,F,03/31/1965,ORM2,,,,1,,,,,,,,1
740,Retired,Misc.Tier1.PEPRA,,VMO.1,Misc,F,,,02/11/1954,,,,,,,ORM1,,,,1,,,,,,,,1
741,Retired,Misc.Tier1.PEPRA,,EL39.2,Misc,M,,,09/21/1951,,,,,F,08/31/1954,ORM2,,,,1,,,,,,,,1
742,Retired,Misc.Tier1.PEPRA,,EL39.3,Misc,M,,,08/07/1943,,,,,,,ORM2,,,,1,,,,,,,,1
743,Retired,Misc.Tier1.PEPRA,,DH.2,Misc,M,,,08/15/1955,,,,,F,09/06/1954,ORM2,,,,1,,,,,,,,1
744,Retired,Misc.Tier1.PEPRA,,VCEA.4,Misc,F,,,03/11/1963,,,,,,,ORM2,,4,,1,,,,,,,,0.5
745,Retired,Misc.Tier1.PEPRA,,VMO.2,Misc,F,,,11/27/1964,,,,,M,11/28/1960,ORM2,,,,1,,,,,,,,1
746,Retired,Misc.Tier1.PEPRA,,DH.2,Misc,M,,,02/26/1953,,,,,F,07/25/1955,ORM2,,,,1,,,,,,,,1
747,Retired,Fire.Classic.30@50,,FMG.2,Fire,M,,,11/17/1964,,,,,F,01/31/1966,ORM2,,,,1,,,,,,,,1
748,Retired,Police.Classic.30@50,,VPOA.1,Police,M,,,07/13/1966,,,,,F,09/28/1963,ORM2,,,,1,,,,,,,,1
749,Retired,Misc.Tier1.PEPRA,,VMO.1,Misc,F,,,05/31/1947,,,,,M,04/19/1947,ORM2,,,,1,,,,,,,,1
750,Retired,Fire.Classic.30@50,,VFA.2,Fire,M,,,06/12/1956,,,,,F,05/10/1958,ORM2,,,,1,,,,,,,,1
751,Retired,Fire.Classic.30@50,,VFA.2,Fire,M,,,05/07/1960,,,,,F,05/27/1958,ORM2,,,,1,,,,,,,,1
752,Retired,Police.Classic.30@50,,VPOA.1,Police,M,,,08/18/1947,,,,,,,ORM1,,,,1,,,,,,,,1
753,Retired,Police.Classic.30@50,,VPOA.2,Police,F,,,03/22/1960,,,,,,,ORM2,,,,1,,,,,,,,1
754,Retired,Misc.Tier1.PEPRA,,EL39.1,Misc,F,,,04/26/1940,,,,,,,ORM1,,,,1,,,,,,,,1
755,Retired,Fire.Classic.30@50,,DH.1,Fire,M,,,10/27/1944,,,,,,,ORM1,,,,1,,,,,,,,1
756,Retired,Misc.Tier1.PEPRA,,VMO.2,Misc,M,,,09/23/1958,,,,,,,ORM2,,,,1,,,,,,,,1
757,Retired,Misc.Tier1.PEPRA,,EL39.2,Misc,M,,,08/11/1955,,,,,F,10/21/1957,ORM2,,,,1,,,,,,,,1
758,Retired,Police.Classic.30@50,,VPOA.2,Police,M,,,03/30/1963,,,,,F,09/09/1963,ORM2,,,,0.9,,,,,,,,1
759,Retired,Misc.Tier1.PEPRA,,VMO.1,Misc,F,,,01/20/1949,,,,,,,ORM1,,,,1,,,,,,,,1
760,Retired,Misc.Tier1.PEPRA,,VMO.2,Misc,F,,,09/07/1956,,,,,M,02/28/1951,ORM2,,,,1,,,,,,,,1
761,Retired,Misc.Tier1.PEPRA,,VMO.2,Misc,M,,,08/17/1951,,,,,F,04/07/1952,ORM2,,,,1,,,,,,,,1
762,Retired,Misc.Tier1.PEPRA,,EL39.1,Misc,M,,,08/16/1948,,,,,,,ORM1,,,,1,,,,,,,,1
763,Retired,Misc.Tier1.PEPRA,,VCEA.2,Misc,F,,,11/02/1961,,,,,M,07/07/1959,ORM2,,,,1,,,,,,,,1
764,Retired,Misc.Tier1.PEPRA,,VMO.1,Misc,F,,,05/07/1939,,,,,,,ORM1,,,,1,,,,,,,,1
765,Retired,Police.Classic.30@50,,VPMA.1,Police,M,,,07/24/1949,,,,,F,12/07/1953,ORM2,,,,1,,,,,,,,1
766,Retired,Misc.Tier1.PEPRA,,VCEA.5,Misc,F,,,04/28/1947,,,,,,,ORM2,,,,0,,,,,,,,0
767,Retired,Misc.Tier1.PEPRA,,VCEA.1,Misc,F,,,09/10/1947,,,,,M,12/10/1944,ORM2,,,,1,,,,,,,,1
768,Retired,Misc.Tier1.PEPRA,,VCEA.1,Misc,F,,,07/21/1942,,,,,M,10/01/1940,ORM2,,,,1,,,,,,,,1
769,Retired,Misc.Tier1.PEPRA,,EL39.5,Misc,F,,,12/15/1951,,,,,,,ORM2,,,,0,,,,,,,,0
770,Retired,Misc.Tier1.PEPRA,,VMO.1,Misc,F,,,02/08/1955,,,,,M,12/01/1951,ORM2,,,,1,,,,,,,,1
771,Retired,Misc.Tier1.PEPRA,,AMG.5,Misc,M,,,05/10/1945,,,,,,,ORM2,,,,0,,,,,,,,0
772,Retired,Misc.Tier1.PEPRA,,VCEA.1,Misc,F,,,09/21/1950,,,,,M,12/22/1950,ORM2,,,,1,,,,,,,,1
773,Retired,Misc.Tier1.PEPRA,,VCEA.1,Misc,F,,,03/13/1957,,,,,,,ORM1,,,,1,,,,,,,,1
774,Retired,Misc.Tier1.PEPRA,,VCEA.1,Misc,F,,,11/06/1952,,,,,M,07/23/1950,ORM2,,,,1,,,,,,,,1
775,Retired,Police.Classic.30@50,,VPMA.1,Police,M,,,12/19/1940,,,,,F,12/19/1941,ORM2,,,,1,,,,,,,,1
776,Retired,Misc.Tier1.PEPRA,,VMO.1,Misc,F,,,06/29/1950,,,,,F,01/30/1940,ORM2,,,,1,,,,,,,,1
777,Retired,Misc.Tier1.PEPRA,,DH.1,Misc,M,,,11/29/1952,,,,,F,07/27/1962,ORM2,,,,1,,,,,,,,1
778,Retired,Misc.Tier1.PEPRA,,VCEA.4,Misc,F,,,02/15/1958,,,,,,,ORM2,,0,,1,,,,,,,,0.5
779,Retired,Misc.Tier1.PEPRA,,VPOA.1,Misc,F,,,02/21/1950,,,,,M,02/27/1951,ORM2,,,,1,,,,,,,,1
780,Retired,Misc.Tier1.PEPRA,,EL39.1,Misc,M,,,11/29/1952,,,,,F,11/12/1955,ORM2,,,,1,,,,,,,,1
781,Retired,Misc.Tier1.PEPRA,,DH.2,Misc,M,,,07/28/1950,,,,,,,ORM1,,,,1,,,,,,,,1
782,Retired,Misc.Tier1.PEPRA,,EL39.2,Misc,M,,,11/25/1949,,,,,F,07/13/1950,ORM2,,,,1,,,,,,,,1
783,Retired,Misc.Tier1.PEPRA,,VMO.1,Misc,M,,,08/02/1938,,,,,F,10/30/1944,ORM2,,,,1,,,,,,,,1
784,Retired,Police.Classic.30@50,,VPMA.2,Police,M,,,07/22/1960,,,,,F,10/02/1961,ORM2,,,,1,,,,,,,,1
785,Retired,Misc.Tier1.PEPRA,,AMG.1,Misc,M,,,06/12/1944,,,,,F,06/27/1958,ORM2,,,,1,,,,,,,,1
786,Retired,Misc.Tier1.PEPRA,,VCEA.1,Misc,F,,,02/09/1942,,,,,M,04/24/1942,ORM2,,,,1,,,,,,,,1
787,Retired,Misc.Tier1.PEPRA,,DH.1,Misc,F,,,09/02/1937,,,,,,,ORM1,,,,1,,,,,,,,1
788,Retired,Misc.Tier1.PEPRA,,EL39.1,Misc,F,,,12/31/1955,,,,,,,ORM1,,,,1,,,,,,,,1
789,Retired,Misc.Tier1.PEPRA,,VMO.1,Misc,F,,,08/06/1941,,,,,,,ORM1,,,,1,,,,,,,,1
790,Retired,Misc.Tier1.PEPRA,,VMO.2,Misc,F,,,10/26/1958,,,,,,,ORM2,,,,1,,,,,,,,1
791,Retired,Fire.Classic.30@50,,VFA.2,Fire,M,,,04/14/1962,,,,,F,05/09/1962,ORM2,,,,1,,,,,,,,1
792,Retired,Misc.Tier1.PEPRA,,DH.1,Misc,M,,,01/19/1949,,,,,F,05/11/1952,ORM2,,,,1,,,,,,,,1
793,Retired,Fire.Classic.30@50,,VFA.2,Fire,M,,,12/05/1966,,,,,F,01/03/1968,ORM2,,,,1,,,,,,,,1
794,Retired,Misc.Tier1.PEPRA,,DH.4,Misc,F,,,11/13/1958,,,,,,,ORM2,,0,,1,,,,,,,,0.5
795,Retired,Misc.Tier1.PEPRA,,VCEA.1,Misc,F,,,07/06/1947,,,,,M,05/25/1947,ORM2,,,,1,,,,,,,,1
796,Retired,Police.Classic.30@50,,VPOA.2,Police,M,,,12/31/1962,,,,,F,10/02/1970,ORM2,,,,0.9,,,,,,,,1
797,Retired,Fire.Classic.30@50,,FMG.1,Fire,M,,,08/08/1946,,,,,F,03/17/1948,ORM2,,,,1,,,,,,,,1
798,Retired,Misc.Tier1.PEPRA,,VCEA.1,Misc,F,,,09/01/1946,,,,,M,06/29/1937,ORM2,,,,1,,,,,,,,1
799,Retired,Misc.Tier1.PEPRA,,VMO.1,Misc,F,,,08/19/1956,,,,,M,08/16/1946,ORM2,,,,1,,,,,,,,1
800,Retired,Misc.Tier1.PEPRA,,EL39.5,Misc,M,,,11/14/1934,,,,,,,ORM2,,,,0,,,,,,,,0
801,Retired,Police.Classic.30@50,,VPMA.2,Police,M,,,06/08/1959,,,,,F,10/04/1962,ORM2,,,,1,,,,,,,,1
802,Retired,Misc.Tier1.PEPRA,,VCEA.1,Misc,F,,,05/01/1950,,,,,,,ORM1,,,,1,,,,,,,,1
803,Retired,Police.Classic.30@50,,VPOA.1,Police,M,,,03/29/1957,,,,,F,07/03/1962,ORM2,,,,1,,,,,,,,1
804,Retired,Misc.Tier1.PEPRA,,VCEA.1,Misc,M,,,10/03/1946,,,,,F,01/12/1948,ORM2,,,,1,,,,,,,,1
805,Retired,Misc.Tier1.PEPRA,,VMO.1,Misc,F,,,03/09/1951,,,,,M,05/14/1952,ORM2,,,,1,,,,,,,,1
806,Retired,Police.Classic.30@50,,VPMA.2,Police,F,,,10/15/1963,,,,,,,ORM2,,,,1,,,,,,,,1
807,Retired,Misc.Tier1.PEPRA,,VMO.1,Misc,M,,,09/10/1950,,,,,F,09/29/1950,ORM2,,,,1,,,,,,,,1
808,Retired,Misc.Tier1.PEPRA,,EL39.1,Misc,M,,,07/21/1949,,,,,F,03/16/1956,ORM2,,,,1,,,,,,,,1
809,Retired,Misc.Tier1.PEPRA,,VMO.1,Misc,M,,,11/30/1943,,,,,F,07/22/1947,ORM2,,,,1,,,,,,,,1
810,Retired,Misc.Tier1.PEPRA,,VCEA.4,Misc,F,,,09/12/1956,,,,,,,,,,,,,,,,,,,
811,Retired,Fire.Classic.30@50,,VFA.1,Fire,M,,,12/04/1948,,,,,,,ORM1,,,,1,,,,,,,,1
812,Retired,Police.Classic.30@50,,VPMA.2,Police,M,,,06/26/1957,,,,,F,09/17/1957,ORM2,,,,1,,,,,,,,1
813,Retired,Fire.Classic.30@50,,DH.2,Fire,M,,,06/11/1965,,,,,F,06/26/1964,ORM2,,,,1,,,,,,,,1
814,Retired,Misc.Tier1.PEPRA,,VCEA.1,Misc,F,,,02/24/1946,,,,,M,07/30/1942,ORM2,,,,1,,,,,,,,1
815,Retired,Misc.Tier1.PEPRA,,VCEA.1,Misc,M,,,03/23/1954,,,,,F,11/06/1954,ORM2,,,,1,,,,,,,,1
816,Retired,Misc.Tier1.PEPRA,,VMO.1,Misc,M,,,12/01/1942,,,,,F,01/18/1944,ORM2,,,,1,,,,,,,,1
817,Retired,Misc.Tier1.PEPRA,,VMO.1,Misc,F,,,07/25/1952,,,,,M,08/18/1949,ORM2,,,,1,,,,,,,,1
818,Retired,Misc.Tier1.PEPRA,,EL39.3,Misc,M,,,01/29/1943,,,,,,,ORM2,,,,1,,,,,,,,1
819,Retired,Police.Classic.30@50,,VPOA.1,Police,M,,,04/17/1936,,,,,F,05/18/1940,ORM2,,,,1,,,,,,,,1
820,Retired,Misc.Tier1.PEPRA,,VCEA.2,Misc,F,,,04/27/1954,,,,,M,08/18/1951,ORM2,,,,1,,,,,,,,1
821,Retired,Misc.Tier1.PEPRA,,AMG.1,Misc,F,,,10/11/1951,,,,,M,09/27/1948,ORM2,,,,1,,,,,,,,1
822,Retired,Misc.Tier1.PEPRA,,VMO.4,Misc,F,,,12/13/1955,,,,,,,ORM2,,0,,0.9,,,,,,,,0.5
823,Retired,Misc.Tier1.PEPRA,,VMO.2,Misc,M,,,08/13/1955,,,,,F,11/28/1955,ORM2,,,,1,,,,,,,,1
824,Retired,Misc.Tier1.PEPRA,,VCEA.1,Misc,M,,,01/14/1948,,,,,F,05/29/1949,ORM2,,,,1,,,,,,,,1
825,Retired,Misc.Tier1.PEPRA,,EL39.4,Misc,F,,,07/08/1957,,,,,,,ORM2,,0,,1,,,,,,,,0.5
826,Retired,Misc.Tier1.PEPRA,,VMO.1,Misc,M,,,03/22/1949,,,,,F,09/30/1955,ORM2,,,,1,,,,,,,,1
827,Retired,Misc.Tier1.PEPRA,,EL39.2,Misc,M,,,10/27/1957,,,,,F,09/14/1960,ORM2,,,,1,,,,,,,,1
828,Retired,Fire.Classic.30@50,,FMG.2,Fire,M,,,04/27/1958,,,,,F,02/17/1961,ORM2,,,,1,,,,,,,,1
829,Retired,Misc.Tier1.PEPRA,,EL39.1,Misc,M,,,08/12/1953,,,,,F,09/17/1954,ORM2,,,,1,,,,,,,,1
830,Retired,Misc.Tier1.PEPRA,,VMO.2,Misc,F,,,01/03/1954,,,,,,,ORM1,,,,1,,,,,,,,1
831,Retired,Misc.Tier1.PEPRA,,VMO.5,Misc,M,,,05/01/1950,,,,,,,ORM2,,,,0,,,,,,,,0
832,Retired,Misc.Tier1.PEPRA,,DH.1,Misc,F,,,05/05/1957,,,,,M,05/20/1959,ORM2,,,,1,,,,,,,,1
833,Retired,Misc.Tier1.PEPRA,,VMO.1,Misc,F,,,07/11/1944,,,,,,,ORM1,,,,1,,,,,,,,1
834,Retired,Misc.Tier1.PEPRA,,VMO.2,Misc,F,,,04/27/1961,,,,,M,01/31/1953,ORM2,,,,1,,,,,,,,1
835,Retired,Police.Classic.30@50,,VPMA.4,Police,M,,,02/27/1962,,,,,,,ORM2,,3,,1,,,,,,,,0.5
836,Retired,Misc.Tier1.PEPRA,,CC.1,Misc,F,,,11/14/1932,,,,,,,ORM1,,,,1,,,,,,,,1
837,Retired,Misc.Tier1.PEPRA,,EL39.1,Misc,F,,,03/23/1946,,,,,,,ORM1,,,,1,,,,,,,,1
838,Retired,Misc.Tier1.PEPRA,,EL39.2,Misc,M,,,05/02/1960,,,,,F,08/18/1963,ORM2,,,,1,,,,,,,,1
839,Retired,Misc.Tier1.PEPRA,,DH.2,Misc,F,,,10/02/1962,,,,,M,09/27/1956,ORM2,,,,1,,,,,,,,1
840,Retired,Misc.Tier1.PEPRA,,VCEA.2,Misc,F,,,08/27/1949,,,,,M,10/19/1947,ORM2,,,,1,,,,,,,,1
841,Retired,Police.Classic.30@50,,VPMA.2,Police,F,,,02/22/1966,,,,,,,ORM1,,,,1,,,,,,,,1
842,Retired,Misc.Tier1.PEPRA,,EL39.1,Misc,M,,,04/14/1946,,,,,,,ORM1,,,,1,,,,,,,,1
843,Retired,Fire.Classic.30@50,,VFA.1,Fire,M,,,09/05/1933,,,,,F,11/16/1937,ORM2,,,,1,,,,,,,,1
844,Retired,Misc.Tier1.PEPRA,,VMO.1,Misc,F,,,07/04/1952,,,,,,,ORM2,,,,1,,,,,,,,1
845,Retired,Misc.Tier1.PEPRA,,VMO.2,Misc,M,,,03/31/1950,,,,,F,11/25/1961,ORM2,,,,1,,,,,,,,1
846,Retired,Misc.Tier1.PEPRA,,VMO.1,Misc,F,,,05/10/1946,,,,,M,12/24/1947,ORM2,,,,1,,,,,,,,1
847,Retired,Misc.Tier1.PEPRA,,EL39.2,Misc,M,,,12/23/1956,,,,,,,ORM1,,,,1,,,,,,,,1
848,Retired,Misc.Tier1.PEPRA,,VMO.1,Misc,M,,,02/22/1938,,,,,F,07/29/1941,ORM2,,,,1,,,,,,,,1
849,Retired,Police.Classic.30@50,,VPMA.1,Police,M,,,06/25/1944,,,,,F,11/27/1950,ORM2,,,,1,,,,,,,,1
850,Retired,Police.Classic.30@50,,VPMA.1,Police,M,,,01/30/1951,,,,,F,05/27/1950,ORM2,,,,1,,,,,,,,1
851,Retired,Misc.Tier1.PEPRA,,VMO.2,Misc,M,,,06/27/1960,,,,,F,01/02/1958,ORM2,,,,1,,,,,,,,1
852,Retired,Police.Classic.30@50,,VPOA.1,Police,M,,,05/15/1956,,,,,F,10/22/1956,ORM2,,,,1,,,,,,,,1
853,Retired,Misc.Tier1.PEPRA,,VMO.1,Misc,M,,,10/17/1947,,,,,F,10/19/1943,ORM2,,,,1,,,,,,,,1
854,Retired,Misc.Tier1.PEPRA,,VMO.1,Misc,F,,,05/29/1932,,,,,M,09/21/1929,ORM2,,,,1,,,,,,,,1
855,Retired,Misc.Tier1.PEPRA,,VCEA.1,Misc,F,,,09/03/1953,,,,,,,ORM1,,,,1,,,,,,,,1
856,Retired,Misc.Tier1.PEPRA,,VCEA.2,Misc,F,,,08/19/1958,,,,,M,08/23/1962,ORM2,,,,1,,,,,,,,1
857,Retired,Misc.Tier1.PEPRA,,DH.2,Misc,M,,,07/30/1952,,,,,F,11/07/1952,ORM2,,,,1,,,,,,,,1
858,Retired,Fire.Classic.30@50,,FMG.2,Fire,M,,,11/01/1962,,,,,F,11/26/1955,ORM2,,,,1,,,,,,,,1
859,Retired,Misc.Tier1.PEPRA,,VCEA.1,Misc,M,,,12/17/1930,,,,,F,03/15/1931,ORM2,,,,1,,,,,,,,1
860,Retired,Misc.Tier1.PEPRA,,EL39.1,Misc,M,,,05/22/1947,,,,,F,04/20/1949,ORM2,,,,1,,,,,,,,1
861,Retired,Misc.Tier1.PEPRA,,VMO.1,Misc,M,,,08/05/1947,,,,,F,05/06/1949,ORM2,,,,1,,,,,,,,1
862,Retired,Misc.Tier1.PEPRA,,VMO.2,Misc,M,,,07/17/1951,,,,,F,12/13/1952,ORM2,,,,1,,,,,,,,1
863,Retired,Police.Classic.30@50,,VPMA.2,Police,M,,,07/17/1961,,,,,F,05/31/1963,ORM2,,,,1,,,,,,,,1
864,Retired,Misc.Tier1.PEPRA,,VCEA.1,Misc,F,,,09/11/1954,,,,,,,ORM1,,,,1,,,,,,,,1
865,Retired,Misc.Tier1.PEPRA,,VMO.2,Misc,M,,,03/07/1954,,,,,F,03/01/1952,ORM2,,,,1,,,,,,,,1
866,Retired,Misc.Tier1.PEPRA,,EL39.1,Misc,M,,,06/14/1951,,,,,,,ORM1,,,,1,,,,,,,,1
867,Retired,Misc.Tier1.PEPRA,,VCEA.1,Misc,M,,,09/11/1943,,,,,F,07/14/1951,ORM2,,,,1,,,,,,,,1
868,Retired,Police.Classic.30@50,,VPOA.2,Police,M,,,01/15/1961,,,,,F,07/20/1965,ORM2,,,,1,,,,,,,,1
869,Retired,Misc.Tier1.PEPRA,,AMG.1,Misc,F,,,02/16/1951,,,,,,,ORM1,,,,1,,,,,,,,1
870,Retired,Misc.Tier1.PEPRA,,VCEA.1,Misc,F,,,06/04/1946,,,,,,,ORM1,,,,1,,,,,,,,1
871,Retired,Police.Classic.30@50,,VPMA.1,Police,M,,,08/20/1930,,,,,F,01/03/1943,ORM2,,,,1,,,,,,,,1
872,Retired,Misc.Tier1.PEPRA,,VMO.1,Misc,F,,,11/04/1952,,,,,,,ORM1,,,,1,,,,,,,,1
873,Retired,Misc.Tier1.PEPRA,,VMO.1,Misc,F,,,12/07/1952,,,,,,,ORM1,,,,1,,,,,,,,1
874,Retired,Misc.Tier1.PEPRA,,EL39.5,Misc,M,,,06/05/1948,,,,,,,ORM2,,,,1,,,,,,,,0
875,Retired,Misc.Tier1.PEPRA,,VMO.2,Misc,M,,,09/25/1959,,,,,,,ORM1,,,,1,,,,,,,,1
876,Retired,Misc.Tier1.PEPRA,,VCEA.2,Misc,F,,,11/11/1955,,,,,M,11/15/1952,ORM2,,,,1,,,,,,,,1
877,Retired,Misc.Tier1.PEPRA,,DH.4,Misc,M,,,02/06/1962,,,,,,,ORM2,,3,,1,,,,,,,,0.5
878,Retired,Misc.Tier1.PEPRA,,VMO.1,Misc,M,,,02/16/1952,,,,,F,09/28/1952,ORM2,,,,1,,,,,,,,1
879,Retired,Misc.Tier1.PEPRA,,EL39.2,Misc,M,,,03/08/1953,,,,,F,12/15/1951,ORM2,,,,1,,,,,,,,1
880,Retired,Misc.Tier1.PEPRA,,VCEA.1,Misc,F,,,02/21/1947,,,,,M,03/03/1938,ORM2,,,,1,,,,,,,,1
881,Retired,Misc.Tier1.PEPRA,,VMO.1,Misc,F,,,11/25/1956,,,,,,,ORM1,,,,1,,,,,,,,1
882,Retired,Police.Classic.30@50,,VPOA.2,Police,M,,,05/04/1962,,,,,,,ORM2,,,,1,,,,,,,,1
883,Retired,Misc.Tier1.PEPRA,,VMO.2,Misc,F,,,08/30/1956,,,,,M,11/06/1955,ORM2,,,,1,,,,,,,,1
884,Retired,Misc.Tier1.PEPRA,,VCEA.1,Misc,F,,,09/13/1939,,,,,,,ORM1,,,,1,,,,,,,,1
885,Retired,Fire.Classic.30@50,,VFA.1,Fire,M,,,11/08/1947,,,,,F,11/14/1952,ORM2,,,,1,,,,,,,,1
886,Retired,Misc.Tier1.PEPRA,,VCEA.5,Misc,F,,,10/24/1949,,,,,,,ORM2,,,,0,,,,,,,,0
887,Retired,Police.Classic.30@50,,VPOA.2,Police,M,,,12/20/1962,,,,,F,12/10/1961,ORM2,,,,1,,,,,,,,1
888,Retired,Misc.Tier1.PEPRA,,DH.2,Misc,M,,,02/09/1958,,,,,F,05/01/1957,ORM2,,,,1,,,,,,,,1
889,Retired,Misc.Tier1.PEPRA,,EL39.1,Misc,M,,,06/05/1951,,,,,F,02/17/1953,ORM2,,,,1,,,,,,,,1
890,Retired,Misc.Tier1.PEPRA,,VPOA.2,Misc,F,,,09/11/1955,,,,,,,ORM1,,,,1,,,,,,,,1
891,Retired,Misc.Tier1.PEPRA,,EL39.1,Misc,M,,,03/10/1957,,,,,,,ORM1,,,,1,,,,,,,,1
892,ServiceDisabled,Police.Classic.30@50,,VPMA.1,Police,M,,,12/14/1952,,,,,,,ORM2,,,,1,,,,,,,,1
893,ServiceDisabled,Police.Classic.30@50,,VPOA.1,Police,M,,,02/07/1948,,,,,,,ORM2,,,,1,,,,,,,,1
894,ServiceDisabled,Police.Classic.30@50,,VPOA.1,Police,M,,,04/27/1962,,,,,,,ORM2,,,,1,,,,,,,,1
895,ServiceDisabled,Police.Classic.30@50,,VPMA.1,Police,M,,,08/17/1952,,,,,,,ORM2,,,,1,,,,,,,,1
896,ServiceDisabled,Fire.Classic.30@50,,VFA.1,Fire,M,,,09/24/1941,,,,,,,ORM1,,,,1,,,,,,,,1
897,ServiceDisabled,Police.Classic.30@50,,VPOA.1,Police,M,,,01/12/1949,,,,,,,ORM1,,,,1,,,,,,,,1
898,ServiceDisabled,Fire.Classic.30@50,,VFA.1,Fire,M,,,01/11/1933,,,,,,,ORM2,,,,1,,,,,,,,1
899,ServiceDisabled,Fire.Classic.30@50,,FMG.1,Fire,M,,,07/24/1937,,,,,,,ORM2,,,,1,,,,,,,,1
900,ServiceDisabled,Police.Classic.30@50,,VPOA.1,Police,M,,,03/09/1948,,,,,,,ORM2,,,,1,,,,,,,,1
901,ServiceDisabled,Police.Classic.30@50,,VPOA.2,Police,M,,,05/11/1971,,,,,,,ORM2,,,,1,,,,,,,,1
902,ServiceDisabled,Police.Classic.30@50,,VPMA.2,Police,M,,,06/27/1960,,,,,,,ORM2,,,,1,,,,,,,,1
903,ServiceDisabled,Police.Classic.30@50,,VPOA.1,Police,M,,,11/19/1943,,,,,,,ORM2,,,,1,,,,,,,,1
904,ServiceDisabled,Police.Classic.30@50,,VPOA.1,Police,M,,,10/19/1963,,,,,,,ORM2,,,,1,,,,,,,,1
905,ServiceDisabled,Police.Classic.30@50,,VPOA.2,Police,M,,,10/16/1962,,,,,,,ORM2,,,,1,,,,,,,,1
906,ServiceDisabled,Fire.Classic.30@50,,FMG.1,Fire,M,,,12/03/1947,,,,,,,ORM2,,,,1,,,,,,,,1
907,ServiceDisabled,Police.Classic.30@50,,VPOA.1,Police,M,,,01/08/1952,,,,,,,ORM2,,,,1,,,,,,,,1
908,ServiceDisabled,Police.Classic.30@50,,VPOA.1,Police,M,,,12/12/1937,,,,,,,ORM1,,,,1,,,,,,,,1
909,ServiceDisabled,Police.Classic.30@50,,VPOA.2,Police,M,,,02/18/1962,,,,,,,ORM2,,,,1,,,,,,,,1
910,ServiceDisabled,Fire.Classic.30@50,,VFA.1,Fire,M,,,01/27/1957,,,,,,,ORM2,,,,1,,,,,,,,1
911,ServiceDisabled,Fire.Classic.30@50,,VFA.1,Fire,M,,,12/25/1954,,,,,,,ORM1,,,,1,,,,,,,,1
912,ServiceDisabled,Police.Classic.30@50,,VPMA.1,Police,M,,,01/01/1960,,,,,,,ORM2,,,,1,,,,,,,,1
913,ServiceDisabled,Police.Classic.30@50,,VPOA.1,Police,M,,,02/16/1962,,,,,F,05/10/1974,ORM2,,,,1,,,,,,,,1
914,ServiceDisabled,Police.Classic.30@50,,VPOA.1,Police,M,,,01/30/1961,,,,,,,ORM1,,,,1,,,,,,,,1
915,ServiceDisabled,Police.Classic.30@50,,VPOA.4,Police,M,,,10/03/1959,,,,,,,ORM2,,0,,1,,,,,,,,0.5
916,ServiceDisabled,Police.Classic.30@50,,VPOA.1,Police,M,,,02/06/1947,,,,,F,02/18/1961,ORM2,,,,1,,,,,,,,1
917,ServiceDisabled,Fire.Classic.30@50,,VFA.1,Fire,M,,,04/07/1954,,,,,F,03/07/1955,ORM2,,,,1,,,,,,,,1
918,ServiceDisabled,Fire.Classic.30@50,,VFA.1,Fire,F,,,09/17/1951,,,,,,,ORM1,,,,1,,,,,,,,1
919,ServiceDisabled,Police.Classic.30@50,,VPOA.4,Police,F,,,12/10/1961,,,,,,,ORM2,,2,,1,,,,,,,,0.5
920,ServiceDisabled,Fire.Classic.30@50,,VFA.1,Fire,M,,,06/16/1955,,,,,F,11/11/1956,ORM2,,,,1,,,,,,,,1
921,ServiceDisabled,Police.Classic.30@50,,VPOA.2,Police,M,,,11/18/1974,,,,,F,10/17/1974,ORM2,,,,1,,,,,,,,1
922,ServiceDisabled,Police.Classic.30@50,,VPOA.1,Police,M,,,06/30/1955,,,,,,,ORM1,,,,1,,,,,,,,1
923,ServiceDisabled,Police.Classic.30@50,,VPOA.1,Police,F,,,05/25/1957,,,,,,,ORM1,,,,1,,,,,,,,1
924,ServiceDisabled,Fire.Classic.30@50,,VFA.1,Fire,F,,,11/12/1963,,,,,M,09/12/1956,ORM2,,,,1,,,,,,,,1
925,ServiceDisabled,Fire.Classic.30@50,,VFA.1,Fire,M,,,08/03/1942,,,,,F,02/09/1947,ORM2,,,,1,,,,,,,,1
926,ServiceDisabled,Misc.Tier1.PEPRA,,AMG.1,Misc,M,,,02/20/1935,,,,,,,ORM1,,,,1,,,,,,,,1
927,ServiceDisabled,Fire.Classic.30@50,,DH.1,Fire,M,,,12/20/1942,,,,,F,01/03/1947,ORM2,,,,1,,,,,,,,1
928,ServiceDisabled,Police.Classic.30@50,,VPOA.1,Police,M,,,09/12/1942,,,,,F,10/25/1945,ORM2,,,,1,,,,,,,,1
929,ServiceDisabled,Police.Classic.30@50,,VPOA.1,Police,M,,,02/14/1946,,,,,F,07/15/1950,ORM2,,,,1,,,,,,,,1
930,ServiceDisabled,Police.Classic.30@50,,VPOA.2,Police,M,,,07/17/1956,,,,,F,03/07/1957,ORM2,,,,1,,,,,,,,1
931,ServiceDisabled,Police.Classic.30@50,,VPOA.1,Police,F,,,12/07/1959,,,,,,,ORM1,,,,1,,,,,,,,1
932,ServiceDisabled,Police.Classic.30@50,,VPOA.1,Police,M,,,07/08/1975,,,,,F,09/13/1975,ORM2,,,,1,,,,,,,,1
933,ServiceDisabled,Police.Classic.30@50,,VPOA.4,Police,M,,,02/06/1966,,,,,,,ORM2,,7,,1,,,,,,,,0.5
934,ServiceDisabled,Police.Classic.30@50,,VPMA.1,Police,F,,,02/08/1975,,,,,,,ORM2,,,,1,,,,,,,,1
935,ServiceDisabled,Police.Classic.30@50,,VPMA.1,Police,M,,,12/26/1947,,,,,F,08/26/1950,ORM2,,,,1,,,,,,,,1
936,ServiceDisabled,Police.Classic.30@50,,VPOA.1,Police,M,,,04/18/1972,,,,,F,07/06/1982,ORM2,,,,1,,,,,,,,1
937,ServiceDisabled,Police.Classic.30@50,,VPOA.1,Police,M,,,08/03/1957,,,,,F,11/07/1966,ORM2,,,,1,,,,,,,,1
938,ServiceDisabled,Fire.Classic.30@50,,VFA.2,Fire,M,,,03/12/1961,,,,,F,11/11/1963,ORM2,,,,1,,,,,,,,1
939,ServiceDisabled,Police.Classic.30@50,,VPOA.2,Police,M,,,04/14/1967,,,,,F,11/12/1971,ORM2,,,,1,,,,,,,,1
940,ServiceDisabled,Police.Classic.30@50,,VPOA.1,Police,M,,,05/27/1942,,,,,F,09/17/1941,ORM2,,,,1,,,,,,,,1
941,ServiceDisabled,Police.Classic.30@50,,VPOA.2,Police,M,,,11/26/1960,,,,,F,03/27/1962,ORM2,,,,1,,,,,,,,1
942,Survivor,Fire.Classic.30@50,,VFA.1,Fire,F,,,04/22/1955,,,,,,,ORM1,,,,1,,,,,,,,1
943,Survivor,Misc.Tier1.PEPRA,,EL39.1,Misc,F,,,11/23/1952,,,,,,,ORM1,,,,1,,,,,,,,1
944,Survivor,Misc.Tier1.PEPRA,,EL39.1,Misc,F,,,02/03/1964,,,,,,,ORM2,,,,1,,,,,,,,1
945,Survivor,Misc.Tier1.PEPRA,,VMO.1,Misc,F,,,11/08/1941,,,,,,,ORM1,,,,1,,,,,,,,1
946,Survivor,Misc.Tier1.PEPRA,,DH.1,Misc,F,,,12/29/1942,,,,,,,ORM1,,,,1,,,,,,,,1
947,Survivor,Misc.Tier1.PEPRA,,EL39.2,Misc,F,,,10/15/1958,,,,,,,ORM2,,,,1,,,,,,,,1
948,Survivor,Police.Classic.30@50,,VPOA.1,Police,F,,,08/21/1941,,,,,,,ORM1,,,,1,,,,,,,,1
